"Generators of the (3+1)-Dimensional Superspace Groups",,,,,,
"Harold T. Stokes, Branton J. Campbell, Dorian M. Hatch",,,,,,
"November 2006",,,,,,
" ",,,,,,
"Group Symbol","Equivalent","Generator 1","Generator 2","Generator 3","Generator 4",
"1.1 P1(abg)",,"x1,x2,x3,x4"," "," "," "," "
"2.1 P-1(abg)",,"-x1,-x2,-x3,-x4"," "," "," "," "
"3.1 P2(ab0)",,"-x1,-x2,x3,-x4"," "," "," "," "
"3.2 P2(ab1/2)",,"-x1,-x2,x3,x3-x4"," "," "," "," "
"3.3 P2(00g)",,"-x1,-x2,x3,x4"," "," "," "," "
"3.4 P2(00g)s",,"-x1,-x2,x3,x4+1/2"," "," "," "," "
"3.5 P2(1/20g)","s","-x1,-x2,x3,-x1+x4"," "," "," "," "
"4.1 P2_1(ab0)",,"-x1,-x2,x3+1/2,-x4"," "," "," "," "
"4.2 P2_1(00g)","s","-x1,-x2,x3+1/2,x4"," "," "," "," "
"4.3 P2_1(1/20g)","s","-x1,-x2,x3+1/2,-x1+x4"," "," "," "," "
"5.1 B2(ab0)",,"-x1,-x2,x3,-x4"," "," "," "," "
"5.2 B2(00g)",,"-x1,-x2,x3,x4"," "," "," "," "
"5.3 B2(00g)s",,"-x1,-x2,x3,x4+1/2"," "," "," "," "
"5.4 B2(01/2g)","s","-x1,-x2,x3,-x2+x4"," "," "," "," "
"6.1 Pm(ab0)",,"x1,x2,-x3,x4"," "," "," "," "
"6.2 Pm(ab0)s",,"x1,x2,-x3,x4+1/2"," "," "," "," "
"6.3 Pm(ab1/2)","s","x1,x2,-x3,-x3+x4"," "," "," "," "
"6.4 Pm(00g)",,"x1,x2,-x3,-x4"," "," "," "," "
"6.5 Pm(1/20g)",,"x1,x2,-x3,x1-x4"," "," "," "," "
"7.1 Pb(ab0)","s","x1,x2+1/2,-x3,x4"," "," "," "," "
"7.2 Pb(ab1/2)","s","x1,x2+1/2,-x3,-x3+x4"," "," "," "," "
"7.3 Pb(00g)",,"x1,x2+1/2,-x3,-x4"," "," "," "," "
"7.4 Pb(1/20g)",,"x1,x2+1/2,-x3,x1-x4"," "," "," "," "
"8.1 Bm(ab0)",,"x1,x2,-x3,x4"," "," "," "," "
"8.2 Bm(ab0)s",,"x1,x2,-x3,x4+1/2"," "," "," "," "
"8.3 Bm(00g)",,"x1,x2,-x3,-x4"," "," "," "," "
"8.4 Bm(01/2g)",,"x1,x2,-x3,x2-x4"," "," "," "," "
"9.1 Bb(ab0)","s","x1,x2+1/2,-x3,x4"," "," "," "," "
"9.2 Bb(00g)",,"x1,x2+1/2,-x3,-x4"," "," "," "," "
"10.1 P2/m(ab0)",,"-x1,-x2,x3,-x4","x1,x2,-x3,x4"," "," "," "
"10.2 P2/m(ab0)0s",,"-x1,-x2,x3,-x4","x1,x2,-x3,x4+1/2"," "," "," "
"10.3 P2/m(ab1/2)","0s","-x1,-x2,x3,x3-x4","x1,x2,-x3,-x3+x4"," "," "," "
"10.4 P2/m(00g)",,"-x1,-x2,x3,x4","x1,x2,-x3,-x4"," "," "," "
"10.5 P2/m(00g)s0",,"-x1,-x2,x3,x4+1/2","x1,x2,-x3,-x4"," "," "," "
"10.6 P2/m(1/20g)","s0","-x1,-x2,x3,-x1+x4","x1,x2,-x3,x1-x4"," "," "," "
"11.1 P2_1/m(ab0)",,"-x1,-x2,x3+1/2,-x4","x1,x2,-x3+1/2,x4"," "," "," "
"11.2 P2_1/m(ab0)0s",,"-x1,-x2,x3+1/2,-x4","x1,x2,-x3+1/2,x4+1/2"," "," "," "
"11.3 P2_1/m(00g)","s0","-x1,-x2,x3+1/2,x4","x1,x2,-x3+1/2,-x4"," "," "," "
"11.4 P2_1/m(1/20g)","s0","-x1,-x2,x3+1/2,-x1+x4","x1,x2,-x3+1/2,x1-x4"," "," "," "
"12.1 B2/m(ab0)",,"-x1,-x2,x3,-x4","x1,x2,-x3,x4"," "," "," "
"12.2 B2/m(ab0)0s",,"-x1,-x2,x3,-x4","x1,x2,-x3,x4+1/2"," "," "," "
"12.3 B2/m(00g)",,"-x1,-x2,x3,x4","x1,x2,-x3,-x4"," "," "," "
"12.4 B2/m(00g)s0",,"-x1,-x2,x3,x4+1/2","x1,x2,-x3,-x4"," "," "," "
"12.5 B2/m(01/2g)","s0","-x1,-x2,x3,-x2+x4","x1,x2,-x3,x2-x4"," "," "," "
"13.1 P2/b(ab0)","0s","-x1,-x2+1/2,x3,-x4","x1,x2+1/2,-x3,x4"," "," "," "
"13.2 P2/b(ab1/2)","0s","-x1,-x2+1/2,x3,x3-x4","x1,x2+1/2,-x3,-x3+x4"," "," "," "
"13.3 P2/b(00g)",,"-x1,-x2+1/2,x3,x4","x1,x2+1/2,-x3,-x4"," "," "," "
"13.4 P2/b(00g)s0",,"-x1,-x2+1/2,x3,x4+1/2","x1,x2+1/2,-x3,-x4"," "," "," "
"13.5 P2/b(1/20g)","s0","-x1,-x2+1/2,x3,-x1+x4","x1,x2+1/2,-x3,x1-x4"," "," "," "
"14.1 P2_1/b(ab0)","0s","-x1,-x2+1/2,x3+1/2,-x4","x1,x2+1/2,-x3+1/2,x4"," "," "," "
"14.2 P2_1/b(00g)","s0","-x1,-x2+1/2,x3+1/2,x4","x1,x2+1/2,-x3+1/2,-x4"," "," "," "
"14.3 P2_1/b(1/20g)","s0","-x1,-x2+1/2,x3+1/2,-x1+x4","x1,x2+1/2,-x3+1/2,x1-x4"," "," "," "
"15.1 B2/b(ab0)","0s","-x1,-x2+1/2,x3,-x4","x1,x2+1/2,-x3,x4"," "," "," "
"15.2 B2/b(00g)",,"-x1,-x2+1/2,x3,x4","x1,x2+1/2,-x3,-x4"," "," "," "
"15.3 B2/b(00g)s0",,"-x1,-x2+1/2,x3,x4+1/2","x1,x2+1/2,-x3,-x4"," "," "," "
"16.1 P222(00g)",,"x1,-x2,-x3,-x4","-x1,x2,-x3,-x4","-x1,-x2,x3,x4"," "," "
"16.2 P222(00g)00s",,"x1,-x2,-x3,-x4","-x1,x2,-x3,-x4+1/2","-x1,-x2,x3,x4+1/2"," "," "
"16.3 P222(01/2g)","00s","x1,-x2,-x3,-x4","-x1,x2,-x3,x2-x4","-x1,-x2,x3,-x2+x4"," "," "
"16.4 P222(1/21/2g)","00s","x1,-x2,-x3,x1-x4","-x1,x2,-x3,x2-x4","-x1,-x2,x3,-x1-x2+x4"," "," "
"17.1 P222_1(00g)","00s","x1,-x2,-x3,-x4","-x1,x2,-x3+1/2,-x4","-x1,-x2,x3+1/2,x4"," "," "
"17.2 P222_1(01/2g)","00s","x1,-x2,-x3,-x4","-x1,x2,-x3+1/2,x2-x4","-x1,-x2,x3+1/2,-x2+x4"," "," "
"17.3 P222_1(1/21/2g)","00s","x1,-x2,-x3,x1-x4","-x1,x2,-x3+1/2,x2-x4","-x1,-x2,x3+1/2,-x1-x2+x4"," "," "
"17.4 P2_122(00g)",,"x1+1/2,-x2,-x3,-x4","-x1,x2,-x3,-x4","-x1+1/2,-x2,x3,x4"," "," "
"17.5 P2_122(00g)00s",,"x1+1/2,-x2,-x3,-x4","-x1,x2,-x3,-x4+1/2","-x1+1/2,-x2,x3,x4+1/2"," "," "
"17.6 P2_122(01/2g)","00s","x1+1/2,-x2,-x3,-x4","-x1,x2,-x3,x2-x4","-x1+1/2,-x2,x3,-x2+x4"," "," "
"18.1 P2_12_12(00g)",,"x1+1/2,-x2+1/2,-x3,-x4","-x1+1/2,x2+1/2,-x3,-x4","-x1,-x2,x3,x4"," "," "
"18.2 P2_12_12(00g)00s",,"x1+1/2,-x2+1/2,-x3,-x4","-x1+1/2,x2+1/2,-x3,-x4+1/2","-x1,-x2,x3,x4+1/2"," "," "
"18.3 P2_122_1(00g)","00s","x1+1/2,-x2,-x3+1/2,-x4","-x1,x2,-x3,-x4","-x1+1/2,-x2,x3+1/2,x4"," "," "
"18.4 P2_122_1(01/2g)","00s","x1+1/2,-x2,-x3+1/2,-x4","-x1,x2,-x3,x2-x4","-x1+1/2,-x2,x3+1/2,-x2+x4"," "," "
"19.1 P2_12_12_1(00g)","00s","x1+1/2,-x2+1/2,-x3,-x4","-x1,x2+1/2,-x3+1/2,-x4","-x1+1/2,-x2,x3+1/2,x4"," "," "
"20.1 C222_1(00g)","00s","x1,-x2,-x3,-x4","-x1,x2,-x3+1/2,-x4","-x1,-x2,x3+1/2,x4"," "," "
"20.2 C222_1(10g)","00s","x1,-x2,-x3,2x1-x4","-x1,x2,-x3+1/2,-x4","-x1,-x2,x3+1/2,-2x1+x4"," "," "
"20.3 A2_122(00g)",,"x1+1/2,-x2,-x3,-x4","-x1,x2,-x3,-x4","-x1+1/2,-x2,x3,x4"," "," "
"20.4 A2_122(00g)00s",,"x1+1/2,-x2,-x3,-x4","-x1,x2,-x3,-x4+1/2","-x1+1/2,-x2,x3,x4+1/2"," "," "
"21.1 C222(00g)",,"x1,-x2,-x3,-x4","-x1,x2,-x3,-x4","-x1,-x2,x3,x4"," "," "
"21.2 C222(00g)00s",,"x1,-x2,-x3,-x4","-x1,x2,-x3,-x4+1/2","-x1,-x2,x3,x4+1/2"," "," "
"21.3 C222(10g)",,"x1,-x2,-x3,2x1-x4","-x1,x2,-x3,-x4","-x1,-x2,x3,-2x1+x4"," "," "
"21.4 C222(10g)00s",,"x1,-x2,-x3,2x1-x4","-x1,x2,-x3,-x4+1/2","-x1,-x2,x3,-2x1+x4+1/2"," "," "
"21.5 A222(00g)",,"x1,-x2,-x3,-x4","-x1,x2,-x3,-x4","-x1,-x2,x3,x4"," "," "
"21.6 A222(00g)00s",,"x1,-x2,-x3,-x4","-x1,x2,-x3,-x4+1/2","-x1,-x2,x3,x4+1/2"," "," "
"21.7 A222(1/20g)","00s","x1,-x2,-x3,x1-x4","-x1,x2,-x3,-x4","-x1,-x2,x3,-x1+x4"," "," "
"22.1 F222(00g)",,"x1,-x2,-x3,-x4","-x1,x2,-x3,-x4","-x1,-x2,x3,x4"," "," "
"22.2 F222(00g)00s",,"x1,-x2,-x3,-x4","-x1,x2,-x3,-x4+1/2","-x1,-x2,x3,x4+1/2"," "," "
"22.3 F222(10g)","00s","x1,-x2,-x3,2x1-x4","-x1,x2,-x3,-x4","-x1,-x2,x3,-2x1+x4"," "," "
"23.1 I222(00g)",,"x1,-x2,-x3,-x4","-x1,x2,-x3,-x4","-x1,-x2,x3,x4"," "," "
"23.2 I222(00g)00s",,"x1,-x2,-x3,-x4","-x1,x2,-x3,-x4+1/2","-x1,-x2,x3,x4+1/2"," "," "
"24.1 I2_12_12_1(00g)",,"x1,-x2,-x3+1/2,-x4","-x1+1/2,x2,-x3,-x4","-x1,-x2+1/2,x3,x4"," "," "
"24.2 I2_12_12_1(00g)00s",,"x1,-x2,-x3+1/2,-x4","-x1+1/2,x2,-x3,-x4+1/2","-x1,-x2+1/2,x3,x4+1/2"," "," "
"25.1 Pmm2(00g)",,"-x1,x2,x3,x4","x1,-x2,x3,x4","-x1,-x2,x3,x4"," "," "
"25.2 Pmm2(00g)s0s","0ss","-x1,x2,x3,x4+1/2","x1,-x2,x3,x4","-x1,-x2,x3,x4+1/2"," "," "
"25.3 Pmm2(00g)ss0",,"-x1,x2,x3,x4+1/2","x1,-x2,x3,x4+1/2","-x1,-x2,x3,x4"," "," "
"25.4 Pmm2(01/2g)","0ss","-x1,x2,x3,x4","x1,-x2,x3,-x2+x4","-x1,-x2,x3,-x2+x4"," "," "
"25.5 Pmm2(01/2g)s0s","ss0","-x1,x2,x3,x4+1/2","x1,-x2,x3,-x2+x4","-x1,-x2,x3,-x2+x4+1/2"," "," "
"25.6 Pmm2(1/21/2g)","0ss,s0s,ss0","-x1,x2,x3,-x1+x4","x1,-x2,x3,-x2+x4","-x1,-x2,x3,-x1-x2+x4"," "," "
"25.7 Pm2m(01/2g)",,"-x1,x2,x3,x4","-x1,x2,-x3,x2-x4","x1,x2,-x3,x2-x4"," "," "
"25.8 Pm2m(01/2g)s00",,"-x1,x2,x3,x4+1/2","-x1,x2,-x3,x2-x4","x1,x2,-x3,x2-x4+1/2"," "," "
"25.9 P2mm(00g)",,"x1,-x2,-x3,-x4","x1,-x2,x3,x4","x1,x2,-x3,-x4"," "," "
"25.10 P2mm(00g)0s0",,"x1,-x2,-x3,-x4","x1,-x2,x3,x4+1/2","x1,x2,-x3,-x4+1/2"," "," "
"25.11 P2mm(01/2g)","0s0","x1,-x2,-x3,-x4","x1,-x2,x3,-x2+x4","x1,x2,-x3,x2-x4"," "," "
"25.12 P2mm(1/21/2g)","0s0","x1,-x2,-x3,x1-x4","x1,-x2,x3,-x2+x4","x1,x2,-x3,x1+x2-x4"," "," "
"26.1 Pmc2_1(00g)","0ss","-x1,x2,x3,x4","x1,-x2,x3+1/2,x4","-x1,-x2,x3+1/2,x4"," "," "
"26.2 Pmc2_1(00g)s0s","ss0","-x1,x2,x3,x4+1/2","x1,-x2,x3+1/2,x4","-x1,-x2,x3+1/2,x4+1/2"," "," "
"26.3 Pmc2_1(01/2g)","0ss","-x1,x2,x3,x4","x1,-x2,x3+1/2,-x2+x4","-x1,-x2,x3+1/2,-x2+x4"," "," "
"26.4 Pmc2_1(01/2g)s0s","ss0","-x1,x2,x3,x4+1/2","x1,-x2,x3+1/2,-x2+x4","-x1,-x2,x3+1/2,-x2+x4+1/2"," "," "
"26.5 Pcm2_1(01/2g)","0ss,s0s,ss0","-x1,x2,x3+1/2,x4","x1,-x2,x3,-x2+x4","-x1,-x2,x3+1/2,-x2+x4"," "," "
"26.6 Pmc2_1(1/21/2g)","0ss,s0s,ss0","-x1,x2,x3,-x1+x4","x1,-x2,x3+1/2,-x2+x4","-x1,-x2,x3+1/2,-x1-x2+x4"," "," "
"26.7 P2_1am(00g)",,"x1+1/2,-x2,-x3,-x4","x1+1/2,-x2,x3,x4","x1,x2,-x3,-x4"," "," "
"26.8 P2_1am(00g)0s0",,"x1+1/2,-x2,-x3,-x4","x1+1/2,-x2,x3,x4+1/2","x1,x2,-x3,-x4+1/2"," "," "
"26.9 P2_1ma(00g)",,"x1+1/2,-x2,-x3,-x4","x1,-x2,x3,x4","x1+1/2,x2,-x3,-x4"," "," "
"26.10 P2_1ma(00g)0s0",,"x1+1/2,-x2,-x3,-x4","x1,-x2,x3,x4+1/2","x1+1/2,x2,-x3,-x4+1/2"," "," "
"26.11 P2_1am(01/2g)","0s0","x1+1/2,-x2,-x3,-x4","x1+1/2,-x2,x3,-x2+x4","x1,x2,-x3,x2-x4"," "," "
"26.12 P2_1ma(01/2g)","0s0","x1+1/2,-x2,-x3,-x4","x1,-x2,x3,-x2+x4","x1+1/2,x2,-x3,x2-x4"," "," "
"27.1 Pcc2(00g)","ss0","-x1,x2,x3+1/2,x4","x1,-x2,x3+1/2,x4","-x1,-x2,x3,x4"," "," "
"27.2 Pcc2(00g)s0s","0ss","-x1,x2,x3+1/2,x4+1/2","x1,-x2,x3+1/2,x4","-x1,-x2,x3,x4+1/2"," "," "
"27.3 Pcc2(01/2g)","0ss,s0s,ss0","-x1,x2,x3+1/2,x4","x1,-x2,x3+1/2,-x2+x4","-x1,-x2,x3,-x2+x4"," "," "
"27.4 Pcc2(1/21/2g)","0ss,s0s,ss0","-x1,x2,x3+1/2,-x1+x4","x1,-x2,x3+1/2,-x2+x4","-x1,-x2,x3,-x1-x2+x4"," "," "
"27.5 P2aa(00g)",,"x1,-x2,-x3,-x4","x1+1/2,-x2,x3,x4","x1+1/2,x2,-x3,-x4"," "," "
"27.6 P2aa(00g)0s0",,"x1,-x2,-x3,-x4","x1+1/2,-x2,x3,x4+1/2","x1+1/2,x2,-x3,-x4+1/2"," "," "
"27.7 P2aa(01/2g)","0s0","x1,-x2,-x3,-x4","x1+1/2,-x2,x3,-x2+x4","x1+1/2,x2,-x3,x2-x4"," "," "
"28.1 Pma2(00g)",,"-x1+1/2,x2,x3,x4","x1+1/2,-x2,x3,x4","-x1,-x2,x3,x4"," "," "
"28.2 Pma2(00g)s0s",,"-x1+1/2,x2,x3,x4+1/2","x1+1/2,-x2,x3,x4","-x1,-x2,x3,x4+1/2"," "," "
"28.3 Pma2(00g)ss0",,"-x1+1/2,x2,x3,x4+1/2","x1+1/2,-x2,x3,x4+1/2","-x1,-x2,x3,x4"," "," "
"28.4 Pma2(00g)0ss",,"-x1+1/2,x2,x3,x4","x1+1/2,-x2,x3,x4+1/2","-x1,-x2,x3,x4+1/2"," "," "
"28.5 Pma2(01/2g)","0ss","-x1+1/2,x2,x3,x4","x1+1/2,-x2,x3,-x2+x4","-x1,-x2,x3,-x2+x4"," "," "
"28.6 Pma2(01/2g)s0s","ss0","-x1+1/2,x2,x3,x4+1/2","x1+1/2,-x2,x3,-x2+x4","-x1,-x2,x3,-x2+x4+1/2"," "," "
"28.7 Pm2a(01/2g)",,"-x1+1/2,x2,x3,x4","-x1,x2,-x3,x2-x4","x1+1/2,x2,-x3,x2-x4"," "," "
"28.8 Pm2a(01/2g)s00",,"-x1+1/2,x2,x3,x4+1/2","-x1,x2,-x3,x2-x4","x1+1/2,x2,-x3,x2-x4+1/2"," "," "
"28.9 Pc2m(01/2g)","s00","-x1,x2,x3+1/2,x4","-x1,x2,-x3,x2-x4","x1,x2,-x3+1/2,x2-x4"," "," "
"28.10 P2cm(00g)","0s0","x1,-x2,-x3,-x4","x1,-x2,x3+1/2,x4","x1,x2,-x3+1/2,-x4"," "," "
"28.11 P2mb(00g)",,"x1,-x2,-x3,-x4","x1,-x2+1/2,x3,x4","x1,x2+1/2,-x3,-x4"," "," "
"28.12 P2mb(00g)0s0",,"x1,-x2,-x3,-x4","x1,-x2+1/2,x3,x4+1/2","x1,x2+1/2,-x3,-x4+1/2"," "," "
"28.13 P2cm(01/2g)","0s0","x1,-x2,-x3,-x4","x1,-x2,x3+1/2,-x2+x4","x1,x2,-x3+1/2,x2-x4"," "," "
"28.14 P2cm(1/21/2g)","0s0","x1,-x2,-x3,x1-x4","x1,-x2,x3+1/2,-x2+x4","x1,x2,-x3+1/2,x1+x2-x4"," "," "
"29.1 Pca2_1(00g)","s0s","-x1+1/2,x2,x3+1/2,x4","x1+1/2,-x2,x3,x4","-x1,-x2,x3+1/2,x4"," "," "
"29.2 Pca2_1(00g)0ss","ss0","-x1+1/2,x2,x3+1/2,x4","x1+1/2,-x2,x3,x4+1/2","-x1,-x2,x3+1/2,x4+1/2"," "," "
"29.3 Pca2_1(01/2g)","0ss,s0s,ss0","-x1+1/2,x2,x3+1/2,x4","x1+1/2,-x2,x3,-x2+x4","-x1,-x2,x3+1/2,-x2+x4"," "," "
"29.4 P2_1ca(00g)","0s0","x1+1/2,-x2,-x3,-x4","x1,-x2,x3+1/2,x4","x1+1/2,x2,-x3+1/2,-x4"," "," "
"29.5 P2_1ab(00g)",,"x1+1/2,-x2,-x3,-x4","x1+1/2,-x2+1/2,x3,x4","x1,x2+1/2,-x3,-x4"," "," "
"29.6 P2_1ab(00g)0s0",,"x1+1/2,-x2,-x3,-x4","x1+1/2,-x2+1/2,x3,x4+1/2","x1,x2+1/2,-x3,-x4+1/2"," "," "
"29.7 P2_1ca(01/2g)","0s0","x1+1/2,-x2,-x3,-x4","x1,-x2,x3+1/2,-x2+x4","x1+1/2,x2,-x3+1/2,x2-x4"," "," "
"30.1 Pcn2(00g)","ss0","-x1+1/2,x2,x3+1/2,x4","x1+1/2,-x2,x3+1/2,x4","-x1,-x2,x3,x4"," "," "
"30.2 Pcn2(00g)s0s","0ss","-x1+1/2,x2,x3+1/2,x4+1/2","x1+1/2,-x2,x3+1/2,x4","-x1,-x2,x3,x4+1/2"," "," "
"30.3 Pcn2(01/2g)","0ss,s0s,ss0","-x1+1/2,x2,x3+1/2,x4","x1+1/2,-x2,x3+1/2,-x2+x4","-x1,-x2,x3,-x2+x4"," "," "
"30.4 P2na(00g)","0s0","x1,-x2,-x3,-x4","x1+1/2,-x2,x3+1/2,x4","x1+1/2,x2,-x3+1/2,-x4"," "," "
"30.5 P2an(00g)",,"x1,-x2,-x3,-x4","x1+1/2,-x2+1/2,x3,x4","x1+1/2,x2+1/2,-x3,-x4"," "," "
"30.6 P2an(00g)0s0",,"x1,-x2,-x3,-x4","x1+1/2,-x2+1/2,x3,x4+1/2","x1+1/2,x2+1/2,-x3,-x4+1/2"," "," "
"30.7 P2na(01/2g)","0s0","x1,-x2,-x3,-x4","x1+1/2,-x2,x3+1/2,-x2+x4","x1+1/2,x2,-x3+1/2,x2-x4"," "," "
"30.8 P2an(1/21/2g)0q0",,"x1,-x2,-x3,x1-x4","x1+1/2,-x2+1/2,x3,-x2+x4+3/4","x1+1/2,x2+1/2,-x3,x1+x2-x4+3/4"," "," "
"31.1 Pmn2_1(00g)","0ss","-x1,x2,x3,x4","x1+1/2,-x2,x3+1/2,x4","-x1+1/2,-x2,x3+1/2,x4"," "," "
"31.2 Pmn2_1(00g)s0s","ss0","-x1,x2,x3,x4+1/2","x1+1/2,-x2,x3+1/2,x4","-x1+1/2,-x2,x3+1/2,x4+1/2"," "," "
"31.3 Pmn2_1(01/2g)","0ss","-x1,x2,x3,x4","x1+1/2,-x2,x3+1/2,-x2+x4","-x1+1/2,-x2,x3+1/2,-x2+x4"," "," "
"31.4 Pmn2_1(01/2g)s0s","ss0","-x1,x2,x3,x4+1/2","x1+1/2,-x2,x3+1/2,-x2+x4","-x1+1/2,-x2,x3+1/2,-x2+x4+1/2"," "," "
"31.5 P2_1nm(00g)","0s0","x1+1/2,-x2,-x3+1/2,-x4","x1+1/2,-x2,x3+1/2,x4","x1,x2,-x3,-x4"," "," "
"31.6 P2_1mn(00g)",,"x1+1/2,-x2+1/2,-x3,-x4","x1,-x2,x3,x4","x1+1/2,x2+1/2,-x3,-x4"," "," "
"31.7 P2_1mn(00g)0s0",,"x1+1/2,-x2+1/2,-x3,-x4","x1,-x2,x3,x4+1/2","x1+1/2,x2+1/2,-x3,-x4+1/2"," "," "
"31.8 P2_1nm(01/2g)","0s0","x1+1/2,-x2,-x3+1/2,-x4","x1+1/2,-x2,x3+1/2,-x2+x4","x1,x2,-x3,x2-x4"," "," "
"32.1 Pba2(00g)",,"-x1+1/2,x2+1/2,x3,x4","x1+1/2,-x2+1/2,x3,x4","-x1,-x2,x3,x4"," "," "
"32.2 Pba2(00g)s0s","0ss","-x1+1/2,x2+1/2,x3,x4+1/2","x1+1/2,-x2+1/2,x3,x4","-x1,-x2,x3,x4+1/2"," "," "
"32.3 Pba2(00g)ss0",,"-x1+1/2,x2+1/2,x3,x4+1/2","x1+1/2,-x2+1/2,x3,x4+1/2","-x1,-x2,x3,x4"," "," "
"32.4 Pba2(1/21/2g)qq0","qqs","-x1+1/2,x2+1/2,x3,-x1+x4+3/4","x1+1/2,-x2+1/2,x3,-x2+x4+3/4","-x1,-x2,x3,-x1-x2+x4"," "," "
"32.5 Pc2a(01/2g)","s00","-x1+1/2,x2,x3+1/2,x4","-x1,x2,-x3,x2-x4","x1+1/2,x2,-x3+1/2,x2-x4"," "," "
"32.6 P2cb(00g)","0s0","x1,-x2,-x3,-x4","x1,-x2+1/2,x3+1/2,x4","x1,x2+1/2,-x3+1/2,-x4"," "," "
"33.1 Pbn2_1(00g)","0ss","-x1+1/2,x2+1/2,x3,x4","x1+1/2,-x2+1/2,x3+1/2,x4","-x1,-x2,x3+1/2,x4"," "," "
"33.2 Pbn2_1(00g)s0s","ss0","-x1+1/2,x2+1/2,x3,x4+1/2","x1+1/2,-x2+1/2,x3+1/2,x4","-x1,-x2,x3+1/2,x4+1/2"," "," "
"33.3 Pbn2_1(1/21/2g)qq0","qqs","-x1+1/2,x2+1/2,x3,-x1+x4+3/4","x1+1/2,-x2+1/2,x3+1/2,-x2+x4+3/4","-x1,-x2,x3+1/2,-x1-x2+x4"," "," "
"33.4 P2_1nb(00g)","0s0","x1+1/2,-x2,-x3,-x4","x1+1/2,-x2+1/2,x3+1/2,x4","x1,x2+1/2,-x3+1/2,-x4"," "," "
"33.5 P2_1cn(00g)","0s0","x1+1/2,-x2,-x3,-x4","x1,-x2+1/2,x3+1/2,x4","x1+1/2,x2+1/2,-x3+1/2,-x4"," "," "
"34.1 Pnn2(00g)","ss0","-x1+1/2,x2+1/2,x3+1/2,x4","x1+1/2,-x2+1/2,x3+1/2,x4","-x1,-x2,x3,x4"," "," "
"34.2 Pnn2(00g)s0s","0ss","-x1+1/2,x2+1/2,x3+1/2,x4+1/2","x1+1/2,-x2+1/2,x3+1/2,x4","-x1,-x2,x3,x4+1/2"," "," "
"34.3 Pnn2(1/21/2g)qq0","qqs","-x1+1/2,x2+1/2,x3+1/2,-x1+x4+3/4","x1+1/2,-x2+1/2,x3+1/2,-x2+x4+3/4","-x1,-x2,x3,-x1-x2+x4"," "," "
"34.4 P2nn(00g)","0s0","x1,-x2,-x3,-x4","x1+1/2,-x2+1/2,x3+1/2,x4","x1+1/2,x2+1/2,-x3+1/2,-x4"," "," "
"34.5 P2nn(1/21/2g)0q0",,"x1,-x2,-x3,x1-x4","x1+1/2,-x2+1/2,x3+1/2,-x2+x4+3/4","x1+1/2,x2+1/2,-x3+1/2,x1+x2-x4+3/4"," "," "
"35.1 Cmm2(00g)",,"-x1,x2,x3,x4","x1,-x2,x3,x4","-x1,-x2,x3,x4"," "," "
"35.2 Cmm2(00g)s0s","0ss","-x1,x2,x3,x4+1/2","x1,-x2,x3,x4","-x1,-x2,x3,x4+1/2"," "," "
"35.3 Cmm2(00g)ss0",,"-x1,x2,x3,x4+1/2","x1,-x2,x3,x4+1/2","-x1,-x2,x3,x4"," "," "
"35.4 Cmm2(10g)",,"-x1,x2,x3,-2x1+x4","x1,-x2,x3,x4","-x1,-x2,x3,-2x1+x4"," "," "
"35.5 Cmm2(10g)s0s","0ss","-x1,x2,x3,-2x1+x4+1/2","x1,-x2,x3,x4","-x1,-x2,x3,-2x1+x4+1/2"," "," "
"35.6 Cmm2(10g)ss0",,"-x1,x2,x3,-2x1+x4+1/2","x1,-x2,x3,x4+1/2","-x1,-x2,x3,-2x1+x4"," "," "
"35.7 A2mm(00g)",,"x1,-x2,-x3,-x4","x1,-x2,x3,x4","x1,x2,-x3,-x4"," "," "
"35.8 A2mm(00g)0s0",,"x1,-x2,-x3,-x4","x1,-x2,x3,x4+1/2","x1,x2,-x3,-x4+1/2"," "," "
"35.9 A2mm(1/20g)",,"x1,-x2,-x3,x1-x4","x1,-x2,x3,x4","x1,x2,-x3,x1-x4"," "," "
"35.10 A2mm(1/20g)0s0",,"x1,-x2,-x3,x1-x4","x1,-x2,x3,x4+1/2","x1,x2,-x3,x1-x4+1/2"," "," "
"36.1 Cmc2_1(00g)","0ss","-x1,x2,x3,x4","x1,-x2,x3+1/2,x4","-x1,-x2,x3+1/2,x4"," "," "
"36.2 Cmc2_1(00g)s0s","ss0","-x1,x2,x3,x4+1/2","x1,-x2,x3+1/2,x4","-x1,-x2,x3+1/2,x4+1/2"," "," "
"36.3 Cmc2_1(10g)","0ss","-x1,x2,x3,-2x1+x4","x1,-x2,x3+1/2,x4","-x1,-x2,x3+1/2,-2x1+x4"," "," "
"36.4 Cmc2_1(10g)s0s","ss0","-x1,x2,x3,-2x1+x4+1/2","x1,-x2,x3+1/2,x4","-x1,-x2,x3+1/2,-2x1+x4+1/2"," "," "
"36.5 A2_1am(00g)",,"x1+1/2,-x2,-x3,-x4","x1+1/2,-x2,x3,x4","x1,x2,-x3,-x4"," "," "
"36.6 A2_1am(00g)0s0",,"x1+1/2,-x2,-x3,-x4","x1+1/2,-x2,x3,x4+1/2","x1,x2,-x3,-x4+1/2"," "," "
"36.7 A2_1ma(00g)",,"x1+1/2,-x2,-x3,-x4","x1,-x2,x3,x4","x1+1/2,x2,-x3,-x4"," "," "
"36.8 A2_1ma(00g)0s0",,"x1+1/2,-x2,-x3,-x4","x1,-x2,x3,x4+1/2","x1+1/2,x2,-x3,-x4+1/2"," "," "
"37.1 Ccc2(00g)","ss0","-x1,x2,x3+1/2,x4","x1,-x2,x3+1/2,x4","-x1,-x2,x3,x4"," "," "
"37.2 Ccc2(00g)s0s","0ss","-x1,x2,x3+1/2,x4+1/2","x1,-x2,x3+1/2,x4","-x1,-x2,x3,x4+1/2"," "," "
"37.3 Ccc2(10g)","ss0","-x1,x2,x3+1/2,-2x1+x4","x1,-x2,x3+1/2,x4","-x1,-x2,x3,-2x1+x4"," "," "
"37.4 Ccc2(10g)s0s","0ss","-x1,x2,x3+1/2,-2x1+x4+1/2","x1,-x2,x3+1/2,x4","-x1,-x2,x3,-2x1+x4+1/2"," "," "
"37.5 A2aa(00g)",,"x1,-x2,-x3,-x4","x1+1/2,-x2,x3,x4","x1+1/2,x2,-x3,-x4"," "," "
"37.6 A2aa(00g)0s0",,"x1,-x2,-x3,-x4","x1+1/2,-x2,x3,x4+1/2","x1+1/2,x2,-x3,-x4+1/2"," "," "
"38.1 C2mm(00g)",,"x1,-x2,-x3,-x4","x1,-x2,x3,x4","x1,x2,-x3,-x4"," "," "
"38.2 C2mm(00g)0s0",,"x1,-x2,-x3,-x4","x1,-x2,x3,x4+1/2","x1,x2,-x3,-x4+1/2"," "," "
"38.3 C2mm(10g)",,"x1,-x2,-x3,2x1-x4","x1,-x2,x3,x4","x1,x2,-x3,2x1-x4"," "," "
"38.4 C2mm(10g)0s0",,"x1,-x2,-x3,2x1-x4","x1,-x2,x3,x4+1/2","x1,x2,-x3,2x1-x4+1/2"," "," "
"38.5 Amm2(00g)",,"-x1,x2,x3,x4","x1,-x2,x3,x4","-x1,-x2,x3,x4"," "," "
"38.6 Amm2(00g)s0s",,"-x1,x2,x3,x4+1/2","x1,-x2,x3,x4","-x1,-x2,x3,x4+1/2"," "," "
"38.7 Amm2(00g)ss0",,"-x1,x2,x3,x4+1/2","x1,-x2,x3,x4+1/2","-x1,-x2,x3,x4"," "," "
"38.8 Amm2(00g)0ss",,"-x1,x2,x3,x4","x1,-x2,x3,x4+1/2","-x1,-x2,x3,x4+1/2"," "," "
"38.9 Amm2(1/20g)","s0s","-x1,x2,x3,-x1+x4","x1,-x2,x3,x4","-x1,-x2,x3,-x1+x4"," "," "
"38.10 Amm2(1/20g)0ss","ss0","-x1,x2,x3,-x1+x4","x1,-x2,x3,x4+1/2","-x1,-x2,x3,-x1+x4+1/2"," "," "
"38.11 Am2m(00g)",,"-x1,x2,x3,x4","-x1,x2,-x3,-x4","x1,x2,-x3,-x4"," "," "
"38.12 Am2m(00g)s00",,"-x1,x2,x3,x4+1/2","-x1,x2,-x3,-x4","x1,x2,-x3,-x4+1/2"," "," "
"38.13 Am2m(1/20g)","s00","-x1,x2,x3,-x1+x4","-x1,x2,-x3,-x4","x1,x2,-x3,x1-x4"," "," "
"39.1 C2mb(00g)",,"x1,-x2,-x3,-x4","x1+1/2,-x2,x3,x4","x1+1/2,x2,-x3,-x4"," "," "
"39.2 C2mb(00g)0s0",,"x1,-x2,-x3,-x4","x1+1/2,-x2,x3,x4+1/2","x1+1/2,x2,-x3,-x4+1/2"," "," "
"39.3 C2mb(10g)",,"x1,-x2,-x3,2x1-x4","x1+1/2,-x2,x3,x4","x1+1/2,x2,-x3,2x1-x4"," "," "
"39.4 C2mb(10g)0s0",,"x1,-x2,-x3,2x1-x4","x1+1/2,-x2,x3,x4+1/2","x1+1/2,x2,-x3,2x1-x4+1/2"," "," "
"39.5 Abm2(00g)",,"-x1,x2,x3+1/2,x4","x1,-x2,x3+1/2,x4","-x1,-x2,x3,x4"," "," "
"39.6 Abm2(00g)s0s",,"-x1,x2,x3+1/2,x4+1/2","x1,-x2,x3+1/2,x4","-x1,-x2,x3,x4+1/2"," "," "
"39.7 Abm2(00g)ss0",,"-x1,x2,x3+1/2,x4+1/2","x1,-x2,x3+1/2,x4+1/2","-x1,-x2,x3,x4"," "," "
"39.8 Abm2(00g)0ss",,"-x1,x2,x3+1/2,x4","x1,-x2,x3+1/2,x4+1/2","-x1,-x2,x3,x4+1/2"," "," "
"39.9 Abm2(1/20g)","s0s","-x1,x2,x3+1/2,-x1+x4","x1,-x2,x3+1/2,x4","-x1,-x2,x3,-x1+x4"," "," "
"39.10 Abm2(1/20g)0ss","ss0","-x1,x2,x3+1/2,-x1+x4","x1,-x2,x3+1/2,x4+1/2","-x1,-x2,x3,-x1+x4+1/2"," "," "
"39.11 Ac2m(00g)",,"-x1,x2+1/2,x3,x4","-x1,x2,-x3,-x4","x1,x2+1/2,-x3,-x4"," "," "
"39.12 Ac2m(00g)s00",,"-x1,x2+1/2,x3,x4+1/2","-x1,x2,-x3,-x4","x1,x2+1/2,-x3,-x4+1/2"," "," "
"39.13 Ac2m(1/20g)","s00","-x1,x2+1/2,x3,-x1+x4","-x1,x2,-x3,-x4","x1,x2+1/2,-x3,x1-x4"," "," "
"40.1 C2cm(00g)","0s0","x1,-x2,-x3,-x4","x1,-x2,x3+1/2,x4","x1,x2,-x3+1/2,-x4"," "," "
"40.2 C2cm(10g)","0s0","x1,-x2,-x3,2x1-x4","x1,-x2,x3+1/2,x4","x1,x2,-x3+1/2,2x1-x4"," "," "
"40.3 Ama2(00g)",,"-x1+1/2,x2,x3,x4","x1+1/2,-x2,x3,x4","-x1,-x2,x3,x4"," "," "
"40.4 Ama2(00g)s0s",,"-x1+1/2,x2,x3,x4+1/2","x1+1/2,-x2,x3,x4","-x1,-x2,x3,x4+1/2"," "," "
"40.5 Ama2(00g)ss0",,"-x1+1/2,x2,x3,x4+1/2","x1+1/2,-x2,x3,x4+1/2","-x1,-x2,x3,x4"," "," "
"40.6 Ama2(00g)0ss",,"-x1+1/2,x2,x3,x4","x1+1/2,-x2,x3,x4+1/2","-x1,-x2,x3,x4+1/2"," "," "
"40.7 Am2a(00g)",,"-x1+1/2,x2,x3,x4","-x1,x2,-x3,-x4","x1+1/2,x2,-x3,-x4"," "," "
"40.8 Am2a(00g)s00",,"-x1+1/2,x2,x3,x4+1/2","-x1,x2,-x3,-x4","x1+1/2,x2,-x3,-x4+1/2"," "," "
"41.1 C2cb(00g)","0s0","x1,-x2,-x3,-x4","x1+1/2,-x2,x3+1/2,x4","x1+1/2,x2,-x3+1/2,-x4"," "," "
"41.2 C2cb(10g)","0s0","x1,-x2,-x3,2x1-x4","x1+1/2,-x2,x3+1/2,x4","x1+1/2,x2,-x3+1/2,2x1-x4"," "," "
"41.3 Aba2(00g)",,"-x1+1/2,x2,x3+1/2,x4","x1+1/2,-x2,x3+1/2,x4","-x1,-x2,x3,x4"," "," "
"41.4 Aba2(00g)s0s",,"-x1+1/2,x2,x3+1/2,x4+1/2","x1+1/2,-x2,x3+1/2,x4","-x1,-x2,x3,x4+1/2"," "," "
"41.5 Aba2(00g)ss0",,"-x1+1/2,x2,x3+1/2,x4+1/2","x1+1/2,-x2,x3+1/2,x4+1/2","-x1,-x2,x3,x4"," "," "
"41.6 Aba2(00g)0ss",,"-x1+1/2,x2,x3+1/2,x4","x1+1/2,-x2,x3+1/2,x4+1/2","-x1,-x2,x3,x4+1/2"," "," "
"41.7 Ac2a(00g)",,"-x1+1/2,x2+1/2,x3,x4","-x1,x2,-x3,-x4","x1+1/2,x2+1/2,-x3,-x4"," "," "
"41.8 Ac2a(00g)s00",,"-x1+1/2,x2+1/2,x3,x4+1/2","-x1,x2,-x3,-x4","x1+1/2,x2+1/2,-x3,-x4+1/2"," "," "
"42.1 Fmm2(00g)",,"-x1,x2,x3,x4","x1,-x2,x3,x4","-x1,-x2,x3,x4"," "," "
"42.2 Fmm2(00g)s0s","0ss","-x1,x2,x3,x4+1/2","x1,-x2,x3,x4","-x1,-x2,x3,x4+1/2"," "," "
"42.3 Fmm2(00g)ss0",,"-x1,x2,x3,x4+1/2","x1,-x2,x3,x4+1/2","-x1,-x2,x3,x4"," "," "
"42.4 Fmm2(10g)",,"-x1,x2,x3,-2x1+x4","x1,-x2,x3,x4","-x1,-x2,x3,-2x1+x4"," "," "
"42.5 Fmm2(10g)s0s","0ss","-x1,x2,x3,-2x1+x4+1/2","x1,-x2,x3,x4","-x1,-x2,x3,-2x1+x4+1/2"," "," "
"42.6 Fmm2(10g)ss0",,"-x1,x2,x3,-2x1+x4+1/2","x1,-x2,x3,x4+1/2","-x1,-x2,x3,-2x1+x4"," "," "
"42.7 F2mm(00g)",,"x1,-x2,-x3,-x4","x1,-x2,x3,x4","x1,x2,-x3,-x4"," "," "
"42.8 F2mm(00g)0s0",,"x1,-x2,-x3,-x4","x1,-x2,x3,x4+1/2","x1,x2,-x3,-x4+1/2"," "," "
"42.9 F2mm(10g)",,"x1,-x2,-x3,2x1-x4","x1,-x2,x3,x4","x1,x2,-x3,2x1-x4"," "," "
"42.10 F2mm(10g)0s0",,"x1,-x2,-x3,2x1-x4","x1,-x2,x3,x4+1/2","x1,x2,-x3,2x1-x4+1/2"," "," "
"43.1 Fdd2(00g)","ss0","-x1+1/4,x2+1/4,x3+1/4,x4","x1+1/4,-x2+1/4,x3+1/4,x4","-x1,-x2,x3,x4"," "," "
"43.2 Fdd2(00g)s0s","0ss","-x1+1/4,x2+1/4,x3+1/4,x4+1/2","x1+1/4,-x2+1/4,x3+1/4,x4","-x1,-x2,x3,x4+1/2"," "," "
"43.3 F2dd(00g)","0s0","x1,-x2,-x3,-x4","x1+1/4,-x2+1/4,x3+1/4,x4","x1+1/4,x2+1/4,-x3+1/4,-x4"," "," "
"44.1 Imm2(00g)",,"-x1,x2,x3,x4","x1,-x2,x3,x4","-x1,-x2,x3,x4"," "," "
"44.2 Imm2(00g)s0s","0ss","-x1,x2,x3,x4+1/2","x1,-x2,x3,x4","-x1,-x2,x3,x4+1/2"," "," "
"44.3 Imm2(00g)ss0",,"-x1,x2,x3,x4+1/2","x1,-x2,x3,x4+1/2","-x1,-x2,x3,x4"," "," "
"44.4 I2mm(00g)",,"x1,-x2,-x3,-x4","x1,-x2,x3,x4","x1,x2,-x3,-x4"," "," "
"44.5 I2mm(00g)0s0",,"x1,-x2,-x3,-x4","x1,-x2,x3,x4+1/2","x1,x2,-x3,-x4+1/2"," "," "
"45.1 Iba2(00g)",,"-x1,x2,x3+1/2,x4","x1,-x2,x3+1/2,x4","-x1,-x2,x3,x4"," "," "
"45.2 Iba2(00g)s0s","0ss","-x1,x2,x3+1/2,x4+1/2","x1,-x2,x3+1/2,x4","-x1,-x2,x3,x4+1/2"," "," "
"45.3 Iba2(00g)ss0",,"-x1,x2,x3+1/2,x4+1/2","x1,-x2,x3+1/2,x4+1/2","-x1,-x2,x3,x4"," "," "
"45.4 I2cb(00g)",,"x1,-x2,-x3,-x4","x1+1/2,-x2,x3,x4","x1+1/2,x2,-x3,-x4"," "," "
"45.5 I2cb(00g)0s0",,"x1,-x2,-x3,-x4","x1+1/2,-x2,x3,x4+1/2","x1+1/2,x2,-x3,-x4+1/2"," "," "
"46.1 Ima2(00g)",,"-x1+1/2,x2,x3,x4","x1+1/2,-x2,x3,x4","-x1,-x2,x3,x4"," "," "
"46.2 Ima2(00g)s0s",,"-x1+1/2,x2,x3,x4+1/2","x1+1/2,-x2,x3,x4","-x1,-x2,x3,x4+1/2"," "," "
"46.3 Ima2(00g)ss0",,"-x1+1/2,x2,x3,x4+1/2","x1+1/2,-x2,x3,x4+1/2","-x1,-x2,x3,x4"," "," "
"46.4 Ima2(00g)0ss",,"-x1+1/2,x2,x3,x4","x1+1/2,-x2,x3,x4+1/2","-x1,-x2,x3,x4+1/2"," "," "
"46.5 I2mb(00g)",,"x1,-x2,-x3,-x4","x1,-x2+1/2,x3,x4","x1,x2+1/2,-x3,-x4"," "," "
"46.6 I2mb(00g)0s0",,"x1,-x2,-x3,-x4","x1,-x2+1/2,x3,x4+1/2","x1,x2+1/2,-x3,-x4+1/2"," "," "
"46.7 I2cm(00g)",,"x1,-x2,-x3,-x4","x1,-x2,x3+1/2,x4","x1,x2,-x3+1/2,-x4"," "," "
"46.8 I2cm(00g)0s0",,"x1,-x2,-x3,-x4","x1,-x2,x3+1/2,x4+1/2","x1,x2,-x3+1/2,-x4+1/2"," "," "
"47.1 Pmmm(00g)",,"-x1,x2,x3,x4","x1,-x2,x3,x4","x1,x2,-x3,-x4"," "," "
"47.2 Pmmm(00g)s00","0s0","-x1,x2,x3,x4+1/2","x1,-x2,x3,x4","x1,x2,-x3,-x4"," "," "
"47.3 Pmmm(00g)ss0",,"-x1,x2,x3,x4+1/2","x1,-x2,x3,x4+1/2","x1,x2,-x3,-x4"," "," "
"47.4 Pmmm(01/2g)","0s0","-x1,x2,x3,x4","x1,-x2,x3,-x2+x4","x1,x2,-x3,x2-x4"," "," "
"47.5 Pmmm(01/2g)s00","ss0","-x1,x2,x3,x4+1/2","x1,-x2,x3,-x2+x4","x1,x2,-x3,x2-x4"," "," "
"47.6 Pmmm(1/21/2g)","0s0,s00,ss0","-x1,x2,x3,-x1+x4","x1,-x2,x3,-x2+x4","x1,x2,-x3,x1+x2-x4"," "," "
"48.1 Pnnn(00g)","ss0","-x1+1/2,x2+1/2,x3+1/2,x4","x1+1/2,-x2+1/2,x3+1/2,x4","x1+1/2,x2+1/2,-x3+1/2,-x4"," "," "
"48.2 Pnnn(00g)s00","0s0","-x1+1/2,x2+1/2,x3+1/2,x4+1/2","x1+1/2,-x2+1/2,x3+1/2,x4","x1+1/2,x2+1/2,-x3+1/2,-x4"," "," "
"48.3 Pnnn(1/21/2g)qq0",,"-x1+1/2,x2+1/2,x3+1/2,-x1+x4+3/4","x1+1/2,-x2+1/2,x3+1/2,-x2+x4+3/4","x1+1/2,x2+1/2,-x3+1/2,x1+x2-x4+1/2"," "," "
"49.1 Pccm(00g)","ss0","-x1,x2,x3+1/2,x4","x1,-x2,x3+1/2,x4","x1,x2,-x3,-x4"," "," "
"49.2 Pccm(00g)s00","0s0","-x1,x2,x3+1/2,x4+1/2","x1,-x2,x3+1/2,x4","x1,x2,-x3,-x4"," "," "
"49.3 Pmaa(00g)",,"-x1,x2,x3,x4","x1+1/2,-x2,x3,x4","x1+1/2,x2,-x3,-x4"," "," "
"49.4 Pmaa(00g)s00",,"-x1,x2,x3,x4+1/2","x1+1/2,-x2,x3,x4","x1+1/2,x2,-x3,-x4"," "," "
"49.5 Pmaa(00g)ss0",,"-x1,x2,x3,x4+1/2","x1+1/2,-x2,x3,x4+1/2","x1+1/2,x2,-x3,-x4"," "," "
"49.6 Pmaa(00g)0s0",,"-x1,x2,x3,x4","x1+1/2,-x2,x3,x4+1/2","x1+1/2,x2,-x3,-x4"," "," "
"49.7 Pccm(01/2g)","0s0,s00,ss0","-x1,x2,x3+1/2,x4","x1,-x2,x3+1/2,-x2+x4","x1,x2,-x3,x2-x4"," "," "
"49.8 Pmaa(01/2g)","0s0","-x1,x2,x3,x4","x1+1/2,-x2,x3,-x2+x4","x1+1/2,x2,-x3,x2-x4"," "," "
"49.9 Pmaa(01/2g)s00","ss0","-x1,x2,x3,x4+1/2","x1+1/2,-x2,x3,-x2+x4","x1+1/2,x2,-x3,x2-x4"," "," "
"49.10 Pccm(1/21/2g)","0s0,s00,ss0","-x1,x2,x3+1/2,-x1+x4","x1,-x2,x3+1/2,-x2+x4","x1,x2,-x3,x1+x2-x4"," "," "
"50.1 Pban(00g)",,"-x1+1/2,x2+1/2,x3,x4","x1+1/2,-x2+1/2,x3,x4","x1+1/2,x2+1/2,-x3,-x4"," "," "
"50.2 Pban(00g)s00","0s0","-x1+1/2,x2+1/2,x3,x4+1/2","x1+1/2,-x2+1/2,x3,x4","x1+1/2,x2+1/2,-x3,-x4"," "," "
"50.3 Pban(00g)ss0",,"-x1+1/2,x2+1/2,x3,x4+1/2","x1+1/2,-x2+1/2,x3,x4+1/2","x1+1/2,x2+1/2,-x3,-x4"," "," "
"50.4 Pcna(00g)","ss0","-x1+1/2,x2,x3+1/2,x4","x1+1/2,-x2,x3+1/2,x4","x1+1/2,x2,-x3+1/2,-x4"," "," "
"50.5 Pcna(00g)s00","0s0","-x1+1/2,x2,x3+1/2,x4+1/2","x1+1/2,-x2,x3+1/2,x4","x1+1/2,x2,-x3+1/2,-x4"," "," "
"50.6 Pcna(01/2g)","0s0,s00,ss0","-x1+1/2,x2,x3+1/2,x4","x1+1/2,-x2,x3+1/2,-x2+x4","x1+1/2,x2,-x3+1/2,x2-x4"," "," "
"50.7 Pban(1/21/2g)qq0",,"-x1+1/2,x2+1/2,x3,-x1+x4+3/4","x1+1/2,-x2+1/2,x3,-x2+x4+3/4","x1+1/2,x2+1/2,-x3,x1+x2-x4+1/2"," "," "
"51.1 Pmma(00g)",,"-x1+1/2,x2,x3,x4","x1,-x2,x3,x4","x1+1/2,x2,-x3,-x4"," "," "
"51.2 Pmma(00g)s00",,"-x1+1/2,x2,x3,x4+1/2","x1,-x2,x3,x4","x1+1/2,x2,-x3,-x4"," "," "
"51.3 Pmma(00g)ss0",,"-x1+1/2,x2,x3,x4+1/2","x1,-x2,x3,x4+1/2","x1+1/2,x2,-x3,-x4"," "," "
"51.4 Pmma(00g)0s0",,"-x1+1/2,x2,x3,x4","x1,-x2,x3,x4+1/2","x1+1/2,x2,-x3,-x4"," "," "
"51.5 Pmam(00g)",,"-x1+1/2,x2,x3,x4","x1+1/2,-x2,x3,x4","x1,x2,-x3,-x4"," "," "
"51.6 Pmam(00g)s00",,"-x1+1/2,x2,x3,x4+1/2","x1+1/2,-x2,x3,x4","x1,x2,-x3,-x4"," "," "
"51.7 Pmam(00g)ss0",,"-x1+1/2,x2,x3,x4+1/2","x1+1/2,-x2,x3,x4+1/2","x1,x2,-x3,-x4"," "," "
"51.8 Pmam(00g)0s0",,"-x1+1/2,x2,x3,x4","x1+1/2,-x2,x3,x4+1/2","x1,x2,-x3,-x4"," "," "
"51.9 Pmcm(00g)","0s0","-x1,x2,x3,x4","x1,-x2,x3+1/2,x4","x1,x2,-x3+1/2,-x4"," "," "
"51.10 Pmcm(00g)s00","ss0","-x1,x2,x3,x4+1/2","x1,-x2,x3+1/2,x4","x1,x2,-x3+1/2,-x4"," "," "
"51.11 Pmma(01/2g)","0s0","-x1+1/2,x2,x3,x4","x1,-x2,x3,-x2+x4","x1+1/2,x2,-x3,x2-x4"," "," "
"51.12 Pmma(01/2g)s00","ss0","-x1+1/2,x2,x3,x4+1/2","x1,-x2,x3,-x2+x4","x1+1/2,x2,-x3,x2-x4"," "," "
"51.13 Pmam(01/2g)","0s0","-x1+1/2,x2,x3,x4","x1+1/2,-x2,x3,-x2+x4","x1,x2,-x3,x2-x4"," "," "
"51.14 Pmam(01/2g)s00","ss0","-x1+1/2,x2,x3,x4+1/2","x1+1/2,-x2,x3,-x2+x4","x1,x2,-x3,x2-x4"," "," "
"51.15 Pmcm(01/2g)","0s0","-x1,x2,x3,x4","x1,-x2,x3+1/2,-x2+x4","x1,x2,-x3+1/2,x2-x4"," "," "
"51.16 Pmcm(01/2g)s00","ss0","-x1,x2,x3,x4+1/2","x1,-x2,x3+1/2,-x2+x4","x1,x2,-x3+1/2,x2-x4"," "," "
"51.17 Pcmm(01/2g)","0s0,s00,ss0","-x1,x2,x3+1/2,x4","x1,-x2,x3,-x2+x4","x1,x2,-x3+1/2,x2-x4"," "," "
"51.18 Pcmm(1/21/2g)","0s0,s00,ss0","-x1,x2,x3+1/2,-x1+x4","x1,-x2,x3,-x2+x4","x1,x2,-x3+1/2,x1+x2-x4"," "," "
"52.1 Pnna(00g)","ss0","-x1,x2+1/2,x3+1/2,x4","x1+1/2,-x2+1/2,x3+1/2,x4","x1+1/2,x2,-x3,-x4"," "," "
"52.2 Pnna(00g)s00","0s0","-x1,x2+1/2,x3+1/2,x4+1/2","x1+1/2,-x2+1/2,x3+1/2,x4","x1+1/2,x2,-x3,-x4"," "," "
"52.3 Pbnn(00g)","0s0","-x1,x2+1/2,x3,x4","x1+1/2,-x2,x3+1/2,x4","x1+1/2,x2+1/2,-x3+1/2,-x4"," "," "
"52.4 Pbnn(00g)s00","ss0","-x1,x2+1/2,x3,x4+1/2","x1+1/2,-x2,x3+1/2,x4","x1+1/2,x2+1/2,-x3+1/2,-x4"," "," "
"52.5 Pcnn(00g)","ss0","-x1,x2,x3+1/2,x4","x1+1/2,-x2+1/2,x3+1/2,x4","x1+1/2,x2+1/2,-x3,-x4"," "," "
"52.6 Pcnn(00g)s00","0s0","-x1,x2,x3+1/2,x4+1/2","x1+1/2,-x2+1/2,x3+1/2,x4","x1+1/2,x2+1/2,-x3,-x4"," "," "
"52.7 Pbnn(1/21/2g)qq0",,"-x1,x2+1/2,x3,-x1+x4+1/2","x1+1/2,-x2,x3+1/2,-x2+x4+1/2","x1+1/2,x2+1/2,-x3+1/2,x1+x2-x4+1/2"," "," "
"53.1 Pmna(00g)","0s0","-x1,x2,x3,x4","x1+1/2,-x2,x3+1/2,x4","x1+1/2,x2,-x3+1/2,-x4"," "," "
"53.2 Pmna(00g)s00","ss0","-x1,x2,x3,x4+1/2","x1+1/2,-x2,x3+1/2,x4","x1+1/2,x2,-x3+1/2,-x4"," "," "
"53.3 Pcnm(00g)","ss0","-x1+1/2,x2,x3+1/2,x4","x1+1/2,-x2,x3+1/2,x4","x1,x2,-x3,-x4"," "," "
"53.4 Pcnm(00g)s00","0s0","-x1+1/2,x2,x3+1/2,x4+1/2","x1+1/2,-x2,x3+1/2,x4","x1,x2,-x3,-x4"," "," "
"53.5 Pbmn(00g)",,"-x1+1/2,x2+1/2,x3,x4","x1,-x2,x3,x4","x1+1/2,x2+1/2,-x3,-x4"," "," "
"53.6 Pbmn(00g)s00",,"-x1+1/2,x2+1/2,x3,x4+1/2","x1,-x2,x3,x4","x1+1/2,x2+1/2,-x3,-x4"," "," "
"53.7 Pbmn(00g)ss0",,"-x1+1/2,x2+1/2,x3,x4+1/2","x1,-x2,x3,x4+1/2","x1+1/2,x2+1/2,-x3,-x4"," "," "
"53.8 Pbmn(00g)0s0",,"-x1+1/2,x2+1/2,x3,x4","x1,-x2,x3,x4+1/2","x1+1/2,x2+1/2,-x3,-x4"," "," "
"53.9 Pmna(01/2g)","0s0","-x1,x2,x3,x4","x1+1/2,-x2,x3+1/2,-x2+x4","x1+1/2,x2,-x3+1/2,x2-x4"," "," "
"53.10 Pmna(01/2g)s00","ss0","-x1,x2,x3,x4+1/2","x1+1/2,-x2,x3+1/2,-x2+x4","x1+1/2,x2,-x3+1/2,x2-x4"," "," "
"53.11 Pcnm(01/2g)","0s0,s00,ss0","-x1+1/2,x2,x3+1/2,x4","x1+1/2,-x2,x3+1/2,-x2+x4","x1,x2,-x3,x2-x4"," "," "
"54.1 Pcca(00g)","ss0","-x1+1/2,x2,x3+1/2,x4","x1,-x2,x3+1/2,x4","x1+1/2,x2,-x3,-x4"," "," "
"54.2 Pcca(00g)s00","0s0","-x1+1/2,x2,x3+1/2,x4+1/2","x1,-x2,x3+1/2,x4","x1+1/2,x2,-x3,-x4"," "," "
"54.3 Pcaa(00g)","s00","-x1,x2,x3+1/2,x4","x1+1/2,-x2,x3,x4","x1+1/2,x2,-x3+1/2,-x4"," "," "
"54.4 Pcaa(00g)0s0","ss0","-x1,x2,x3+1/2,x4","x1+1/2,-x2,x3,x4+1/2","x1+1/2,x2,-x3+1/2,-x4"," "," "
"54.5 Pbab(00g)",,"-x1+1/2,x2+1/2,x3,x4","x1+1/2,-x2,x3,x4","x1,x2+1/2,-x3,-x4"," "," "
"54.6 Pbab(00g)s00",,"-x1+1/2,x2+1/2,x3,x4+1/2","x1+1/2,-x2,x3,x4","x1,x2+1/2,-x3,-x4"," "," "
"54.7 Pbab(00g)ss0",,"-x1+1/2,x2+1/2,x3,x4+1/2","x1+1/2,-x2,x3,x4+1/2","x1,x2+1/2,-x3,-x4"," "," "
"54.8 Pbab(00g)0s0",,"-x1+1/2,x2+1/2,x3,x4","x1+1/2,-x2,x3,x4+1/2","x1,x2+1/2,-x3,-x4"," "," "
"54.9 Pcca(01/2g)","0s0,s00,ss0","-x1+1/2,x2,x3+1/2,x4","x1,-x2,x3+1/2,-x2+x4","x1+1/2,x2,-x3,x2-x4"," "," "
"54.10 Pcaa(01/2g)","0s0,s00,ss0","-x1,x2,x3+1/2,x4","x1+1/2,-x2,x3,-x2+x4","x1+1/2,x2,-x3+1/2,x2-x4"," "," "
"55.1 Pbam(00g)",,"-x1+1/2,x2+1/2,x3,x4","x1+1/2,-x2+1/2,x3,x4","x1,x2,-x3,-x4"," "," "
"55.2 Pbam(00g)s00","0s0","-x1+1/2,x2+1/2,x3,x4+1/2","x1+1/2,-x2+1/2,x3,x4","x1,x2,-x3,-x4"," "," "
"55.3 Pbam(00g)ss0",,"-x1+1/2,x2+1/2,x3,x4+1/2","x1+1/2,-x2+1/2,x3,x4+1/2","x1,x2,-x3,-x4"," "," "
"55.4 Pcma(00g)","s00","-x1+1/2,x2,x3+1/2,x4","x1,-x2,x3,x4","x1+1/2,x2,-x3+1/2,-x4"," "," "
"55.5 Pcma(00g)0s0","ss0","-x1+1/2,x2,x3+1/2,x4","x1,-x2,x3,x4+1/2","x1+1/2,x2,-x3+1/2,-x4"," "," "
"55.6 Pcma(01/2g)","0s0,s00,ss0","-x1+1/2,x2,x3+1/2,x4","x1,-x2,x3,-x2+x4","x1+1/2,x2,-x3+1/2,x2-x4"," "," "
"56.1 Pccn(00g)","ss0","-x1+1/2,x2,x3+1/2,x4","x1,-x2+1/2,x3+1/2,x4","x1+1/2,x2+1/2,-x3,-x4"," "," "
"56.2 Pccn(00g)s00","0s0","-x1+1/2,x2,x3+1/2,x4+1/2","x1,-x2+1/2,x3+1/2,x4","x1+1/2,x2+1/2,-x3,-x4"," "," "
"56.3 Pbnb(00g)","0s0","-x1+1/2,x2+1/2,x3,x4","x1+1/2,-x2,x3+1/2,x4","x1,x2+1/2,-x3+1/2,-x4"," "," "
"56.4 Pbnb(00g)s00","ss0","-x1+1/2,x2+1/2,x3,x4+1/2","x1+1/2,-x2,x3+1/2,x4","x1,x2+1/2,-x3+1/2,-x4"," "," "
"57.1 Pcam(00g)","s00","-x1+1/2,x2,x3+1/2,x4","x1+1/2,-x2,x3,x4","x1,x2,-x3+1/2,-x4"," "," "
"57.2 Pcam(00g)0s0","ss0","-x1+1/2,x2,x3+1/2,x4","x1+1/2,-x2,x3,x4+1/2","x1,x2,-x3+1/2,-x4"," "," "
"57.3 Pmca(00g)","0s0","-x1+1/2,x2,x3,x4","x1,-x2,x3+1/2,x4","x1+1/2,x2,-x3+1/2,-x4"," "," "
"57.4 Pmca(00g)s00","ss0","-x1+1/2,x2,x3,x4+1/2","x1,-x2,x3+1/2,x4","x1+1/2,x2,-x3+1/2,-x4"," "," "
"57.5 Pbma(00g)",,"-x1+1/2,x2+1/2,x3,x4","x1,-x2+1/2,x3,x4","x1+1/2,x2,-x3,-x4"," "," "
"57.6 Pbma(00g)s00",,"-x1+1/2,x2+1/2,x3,x4+1/2","x1,-x2+1/2,x3,x4","x1+1/2,x2,-x3,-x4"," "," "
"57.7 Pbma(00g)ss0",,"-x1+1/2,x2+1/2,x3,x4+1/2","x1,-x2+1/2,x3,x4+1/2","x1+1/2,x2,-x3,-x4"," "," "
"57.8 Pbma(00g)0s0",,"-x1+1/2,x2+1/2,x3,x4","x1,-x2+1/2,x3,x4+1/2","x1+1/2,x2,-x3,-x4"," "," "
"57.9 Pcam(01/2g)","0s0,s00,ss0","-x1+1/2,x2,x3+1/2,x4","x1+1/2,-x2,x3,-x2+x4","x1,x2,-x3+1/2,x2-x4"," "," "
"57.10 Pmca(01/2g)","0s0","-x1+1/2,x2,x3,x4","x1,-x2,x3+1/2,-x2+x4","x1+1/2,x2,-x3+1/2,x2-x4"," "," "
"57.11 Pmca(01/2g)s00","ss0","-x1+1/2,x2,x3,x4+1/2","x1,-x2,x3+1/2,-x2+x4","x1+1/2,x2,-x3+1/2,x2-x4"," "," "
"58.1 Pnnm(00g)","ss0","-x1+1/2,x2+1/2,x3+1/2,x4","x1+1/2,-x2+1/2,x3+1/2,x4","x1,x2,-x3,-x4"," "," "
"58.2 Pnnm(00g)s00","0s0","-x1+1/2,x2+1/2,x3+1/2,x4+1/2","x1+1/2,-x2+1/2,x3+1/2,x4","x1,x2,-x3,-x4"," "," "
"58.3 Pmnn(00g)","0s0","-x1,x2,x3,x4","x1+1/2,-x2+1/2,x3+1/2,x4","x1+1/2,x2+1/2,-x3+1/2,-x4"," "," "
"58.4 Pmnn(00g)s00","ss0","-x1,x2,x3,x4+1/2","x1+1/2,-x2+1/2,x3+1/2,x4","x1+1/2,x2+1/2,-x3+1/2,-x4"," "," "
"59.1 Pmmn(00g)",,"-x1,x2,x3,x4","x1,-x2,x3,x4","x1+1/2,x2+1/2,-x3,-x4"," "," "
"59.2 Pmmn(00g)s00","0s0","-x1,x2,x3,x4+1/2","x1,-x2,x3,x4","x1+1/2,x2+1/2,-x3,-x4"," "," "
"59.3 Pmmn(00g)ss0",,"-x1,x2,x3,x4+1/2","x1,-x2,x3,x4+1/2","x1+1/2,x2+1/2,-x3,-x4"," "," "
"59.4 Pmnm(00g)","0s0","-x1,x2,x3,x4","x1+1/2,-x2,x3+1/2,x4","x1,x2,-x3,-x4"," "," "
"59.5 Pmnm(00g)s00","ss0","-x1,x2,x3,x4+1/2","x1+1/2,-x2,x3+1/2,x4","x1,x2,-x3,-x4"," "," "
"59.6 Pmnm(01/2g)","0s0","-x1,x2,x3,x4","x1+1/2,-x2,x3+1/2,-x2+x4","x1,x2,-x3,x2-x4"," "," "
"59.7 Pmnm(01/2g)s00","ss0","-x1,x2,x3,x4+1/2","x1+1/2,-x2,x3+1/2,-x2+x4","x1,x2,-x3,x2-x4"," "," "
"60.1 Pbcn(00g)","0s0","-x1+1/2,x2+1/2,x3,x4","x1,-x2,x3+1/2,x4","x1+1/2,x2+1/2,-x3+1/2,-x4"," "," "
"60.2 Pbcn(00g)s00","ss0","-x1+1/2,x2+1/2,x3,x4+1/2","x1,-x2,x3+1/2,x4","x1+1/2,x2+1/2,-x3+1/2,-x4"," "," "
"60.3 Pnca(00g)","ss0","-x1+1/2,x2+1/2,x3+1/2,x4","x1,-x2+1/2,x3+1/2,x4","x1+1/2,x2,-x3,-x4"," "," "
"60.4 Pnca(00g)s00","0s0","-x1+1/2,x2+1/2,x3+1/2,x4+1/2","x1,-x2+1/2,x3+1/2,x4","x1+1/2,x2,-x3,-x4"," "," "
"60.5 Pbna(00g)","0s0","-x1,x2+1/2,x3,x4","x1+1/2,-x2+1/2,x3+1/2,x4","x1+1/2,x2,-x3+1/2,-x4"," "," "
"60.6 Pbna(00g)s00","ss0","-x1,x2+1/2,x3,x4+1/2","x1+1/2,-x2+1/2,x3+1/2,x4","x1+1/2,x2,-x3+1/2,-x4"," "," "
"61.1 Pbca(00g)","0s0","-x1+1/2,x2+1/2,x3,x4","x1,-x2+1/2,x3+1/2,x4","x1+1/2,x2,-x3+1/2,-x4"," "," "
"61.2 Pbca(00g)s00","ss0","-x1+1/2,x2+1/2,x3,x4+1/2","x1,-x2+1/2,x3+1/2,x4","x1+1/2,x2,-x3+1/2,-x4"," "," "
"62.1 Pnma(00g)","s00","-x1+1/2,x2+1/2,x3+1/2,x4","x1,-x2+1/2,x3,x4","x1+1/2,x2,-x3+1/2,-x4"," "," "
"62.2 Pnma(00g)0s0","ss0","-x1+1/2,x2+1/2,x3+1/2,x4","x1,-x2+1/2,x3,x4+1/2","x1+1/2,x2,-x3+1/2,-x4"," "," "
"62.3 Pbnm(00g)","0s0","-x1+1/2,x2+1/2,x3,x4","x1+1/2,-x2+1/2,x3+1/2,x4","x1,x2,-x3+1/2,-x4"," "," "
"62.4 Pbnm(00g)s00","ss0","-x1+1/2,x2+1/2,x3,x4+1/2","x1+1/2,-x2+1/2,x3+1/2,x4","x1,x2,-x3+1/2,-x4"," "," "
"62.5 Pmcn(00g)","0s0","-x1+1/2,x2,x3,x4","x1,-x2+1/2,x3+1/2,x4","x1+1/2,x2+1/2,-x3+1/2,-x4"," "," "
"62.6 Pmcn(00g)s00","ss0","-x1+1/2,x2,x3,x4+1/2","x1,-x2+1/2,x3+1/2,x4","x1+1/2,x2+1/2,-x3+1/2,-x4"," "," "
"63.1 Cmcm(00g)","0s0","-x1,x2,x3,x4","x1,-x2,x3+1/2,x4","x1,x2,-x3+1/2,-x4"," "," "
"63.2 Cmcm(00g)s00","ss0","-x1,x2,x3,x4+1/2","x1,-x2,x3+1/2,x4","x1,x2,-x3+1/2,-x4"," "," "
"63.3 Cmcm(10g)","0s0","-x1,x2,x3,-2x1+x4","x1,-x2,x3+1/2,x4","x1,x2,-x3+1/2,2x1-x4"," "," "
"63.4 Cmcm(10g)s00","ss0","-x1,x2,x3,-2x1+x4+1/2","x1,-x2,x3+1/2,x4","x1,x2,-x3+1/2,2x1-x4"," "," "
"63.5 Amam(00g)",,"-x1+1/2,x2,x3,x4","x1+1/2,-x2,x3,x4","x1,x2,-x3,-x4"," "," "
"63.6 Amam(00g)s00",,"-x1+1/2,x2,x3,x4+1/2","x1+1/2,-x2,x3,x4","x1,x2,-x3,-x4"," "," "
"63.7 Amam(00g)ss0",,"-x1+1/2,x2,x3,x4+1/2","x1+1/2,-x2,x3,x4+1/2","x1,x2,-x3,-x4"," "," "
"63.8 Amam(00g)0s0",,"-x1+1/2,x2,x3,x4","x1+1/2,-x2,x3,x4+1/2","x1,x2,-x3,-x4"," "," "
"63.9 Amma(00g)",,"-x1+1/2,x2,x3,x4","x1,-x2,x3,x4","x1+1/2,x2,-x3,-x4"," "," "
"63.10 Amma(00g)s00",,"-x1+1/2,x2,x3,x4+1/2","x1,-x2,x3,x4","x1+1/2,x2,-x3,-x4"," "," "
"63.11 Amma(00g)ss0",,"-x1+1/2,x2,x3,x4+1/2","x1,-x2,x3,x4+1/2","x1+1/2,x2,-x3,-x4"," "," "
"63.12 Amma(00g)0s0",,"-x1+1/2,x2,x3,x4","x1,-x2,x3,x4+1/2","x1+1/2,x2,-x3,-x4"," "," "
"64.1 Cmca(00g)","0s0","-x1,x2,x3,x4","x1+1/2,-x2,x3+1/2,x4","x1+1/2,x2,-x3+1/2,-x4"," "," "
"64.2 Cmca(00g)s00","ss0","-x1,x2,x3,x4+1/2","x1+1/2,-x2,x3+1/2,x4","x1+1/2,x2,-x3+1/2,-x4"," "," "
"64.3 Cmca(10g)","0s0","-x1,x2,x3,-2x1+x4","x1+1/2,-x2,x3+1/2,x4","x1+1/2,x2,-x3+1/2,2x1-x4"," "," "
"64.4 Cmca(10g)s00","ss0","-x1,x2,x3,-2x1+x4+1/2","x1+1/2,-x2,x3+1/2,x4","x1+1/2,x2,-x3+1/2,2x1-x4"," "," "
"64.5 Abma(00g)",,"-x1+1/2,x2+1/2,x3,x4","x1,-x2,x3,x4","x1+1/2,x2+1/2,-x3,-x4"," "," "
"64.6 Abma(00g)s00",,"-x1+1/2,x2+1/2,x3,x4+1/2","x1,-x2,x3,x4","x1+1/2,x2+1/2,-x3,-x4"," "," "
"64.7 Abma(00g)ss0",,"-x1+1/2,x2+1/2,x3,x4+1/2","x1,-x2,x3,x4+1/2","x1+1/2,x2+1/2,-x3,-x4"," "," "
"64.8 Abma(00g)0s0",,"-x1+1/2,x2+1/2,x3,x4","x1,-x2,x3,x4+1/2","x1+1/2,x2+1/2,-x3,-x4"," "," "
"64.9 Acam(00g)",,"-x1+1/2,x2,x3+1/2,x4","x1+1/2,-x2,x3+1/2,x4","x1,x2,-x3,-x4"," "," "
"64.10 Acam(00g)s00",,"-x1+1/2,x2,x3+1/2,x4+1/2","x1+1/2,-x2,x3+1/2,x4","x1,x2,-x3,-x4"," "," "
"64.11 Acam(00g)ss0",,"-x1+1/2,x2,x3+1/2,x4+1/2","x1+1/2,-x2,x3+1/2,x4+1/2","x1,x2,-x3,-x4"," "," "
"64.12 Acam(00g)0s0",,"-x1+1/2,x2,x3+1/2,x4","x1+1/2,-x2,x3+1/2,x4+1/2","x1,x2,-x3,-x4"," "," "
"65.1 Cmmm(00g)",,"-x1,x2,x3,x4","x1,-x2,x3,x4","x1,x2,-x3,-x4"," "," "
"65.2 Cmmm(00g)s00","0s0","-x1,x2,x3,x4+1/2","x1,-x2,x3,x4","x1,x2,-x3,-x4"," "," "
"65.3 Cmmm(00g)ss0",,"-x1,x2,x3,x4+1/2","x1,-x2,x3,x4+1/2","x1,x2,-x3,-x4"," "," "
"65.4 Cmmm(10g)",,"-x1,x2,x3,-2x1+x4","x1,-x2,x3,x4","x1,x2,-x3,2x1-x4"," "," "
"65.5 Cmmm(10g)s00","0s0","-x1,x2,x3,-2x1+x4+1/2","x1,-x2,x3,x4","x1,x2,-x3,2x1-x4"," "," "
"65.6 Cmmm(10g)ss0",,"-x1,x2,x3,-2x1+x4+1/2","x1,-x2,x3,x4+1/2","x1,x2,-x3,2x1-x4"," "," "
"65.7 Ammm(00g)",,"-x1,x2,x3,x4","x1,-x2,x3,x4","x1,x2,-x3,-x4"," "," "
"65.8 Ammm(00g)s00",,"-x1,x2,x3,x4+1/2","x1,-x2,x3,x4","x1,x2,-x3,-x4"," "," "
"65.9 Ammm(00g)ss0",,"-x1,x2,x3,x4+1/2","x1,-x2,x3,x4+1/2","x1,x2,-x3,-x4"," "," "
"65.10 Ammm(00g)0s0",,"-x1,x2,x3,x4","x1,-x2,x3,x4+1/2","x1,x2,-x3,-x4"," "," "
"65.11 Ammm(1/20g)","s00","-x1,x2,x3,-x1+x4","x1,-x2,x3,x4","x1,x2,-x3,x1-x4"," "," "
"65.12 Ammm(1/20g)0s0","ss0","-x1,x2,x3,-x1+x4","x1,-x2,x3,x4+1/2","x1,x2,-x3,x1-x4"," "," "
"66.1 Cccm(00g)","ss0","-x1,x2,x3+1/2,x4","x1,-x2,x3+1/2,x4","x1,x2,-x3,-x4"," "," "
"66.2 Cccm(00g)s00","0s0","-x1,x2,x3+1/2,x4+1/2","x1,-x2,x3+1/2,x4","x1,x2,-x3,-x4"," "," "
"66.3 Cccm(10g)","ss0","-x1,x2,x3+1/2,-2x1+x4","x1,-x2,x3+1/2,x4","x1,x2,-x3,2x1-x4"," "," "
"66.4 Cccm(10g)s00","0s0","-x1,x2,x3+1/2,-2x1+x4+1/2","x1,-x2,x3+1/2,x4","x1,x2,-x3,2x1-x4"," "," "
"66.5 Amaa(00g)",,"-x1,x2,x3,x4","x1+1/2,-x2,x3,x4","x1+1/2,x2,-x3,-x4"," "," "
"66.6 Amaa(00g)s00",,"-x1,x2,x3,x4+1/2","x1+1/2,-x2,x3,x4","x1+1/2,x2,-x3,-x4"," "," "
"66.7 Amaa(00g)ss0",,"-x1,x2,x3,x4+1/2","x1+1/2,-x2,x3,x4+1/2","x1+1/2,x2,-x3,-x4"," "," "
"66.8 Amaa(00g)0s0",,"-x1,x2,x3,x4","x1+1/2,-x2,x3,x4+1/2","x1+1/2,x2,-x3,-x4"," "," "
"67.1 Cmma(00g)",,"-x1,x2,x3,x4","x1+1/2,-x2,x3,x4","x1+1/2,x2,-x3,-x4"," "," "
"67.2 Cmma(00g)s00","0s0","-x1,x2,x3,x4+1/2","x1+1/2,-x2,x3,x4","x1+1/2,x2,-x3,-x4"," "," "
"67.3 Cmma(00g)ss0",,"-x1,x2,x3,x4+1/2","x1+1/2,-x2,x3,x4+1/2","x1+1/2,x2,-x3,-x4"," "," "
"67.4 Cmma(10g)",,"-x1,x2,x3,-2x1+x4","x1+1/2,-x2,x3,x4","x1+1/2,x2,-x3,2x1-x4"," "," "
"67.5 Cmma(10g)s00","0s0","-x1,x2,x3,-2x1+x4+1/2","x1+1/2,-x2,x3,x4","x1+1/2,x2,-x3,2x1-x4"," "," "
"67.6 Cmma(10g)ss0",,"-x1,x2,x3,-2x1+x4+1/2","x1+1/2,-x2,x3,x4+1/2","x1+1/2,x2,-x3,2x1-x4"," "," "
"67.7 Acmm(00g)",,"-x1,x2,x3+1/2,x4","x1,-x2,x3+1/2,x4","x1,x2,-x3,-x4"," "," "
"67.8 Acmm(00g)s00",,"-x1,x2,x3+1/2,x4+1/2","x1,-x2,x3+1/2,x4","x1,x2,-x3,-x4"," "," "
"67.9 Acmm(00g)ss0",,"-x1,x2,x3+1/2,x4+1/2","x1,-x2,x3+1/2,x4+1/2","x1,x2,-x3,-x4"," "," "
"67.10 Acmm(00g)0s0",,"-x1,x2,x3+1/2,x4","x1,-x2,x3+1/2,x4+1/2","x1,x2,-x3,-x4"," "," "
"67.11 Acmm(1/20g)","s00","-x1,x2,x3+1/2,-x1+x4","x1,-x2,x3+1/2,x4","x1,x2,-x3,x1-x4"," "," "
"67.12 Acmm(1/20g)0s0","ss0","-x1,x2,x3+1/2,-x1+x4","x1,-x2,x3+1/2,x4+1/2","x1,x2,-x3,x1-x4"," "," "
"68.1 Ccca(00g)","ss0","-x1+1/2,x2,x3+1/2,x4","x1+1/2,-x2,x3+1/2,x4","x1+1/2,x2,-x3+1/2,-x4"," "," "
"68.2 Ccca(00g)s00","0s0","-x1+1/2,x2,x3+1/2,x4+1/2","x1+1/2,-x2,x3+1/2,x4","x1+1/2,x2,-x3+1/2,-x4"," "," "
"68.3 Ccca(10g)","ss0","-x1+1/2,x2,x3+1/2,-2x1+x4+1/2","x1+1/2,-x2,x3+1/2,x4","x1+1/2,x2,-x3+1/2,2x1-x4+1/2"," "," "
"68.4 Ccca(10g)s00","0s0","-x1+1/2,x2,x3+1/2,-2x1+x4","x1+1/2,-x2,x3+1/2,x4","x1+1/2,x2,-x3+1/2,2x1-x4+1/2"," "," "
"68.5 Acaa(00g)",,"-x1+1/2,x2,x3+1/2,x4","x1+1/2,-x2,x3+1/2,x4","x1+1/2,x2,-x3+1/2,-x4"," "," "
"68.6 Acaa(00g)s00",,"-x1+1/2,x2,x3+1/2,x4+1/2","x1+1/2,-x2,x3+1/2,x4","x1+1/2,x2,-x3+1/2,-x4"," "," "
"68.7 Acaa(00g)ss0",,"-x1+1/2,x2,x3+1/2,x4+1/2","x1+1/2,-x2,x3+1/2,x4+1/2","x1+1/2,x2,-x3+1/2,-x4"," "," "
"68.8 Acaa(00g)0s0",,"-x1+1/2,x2,x3+1/2,x4","x1+1/2,-x2,x3+1/2,x4+1/2","x1+1/2,x2,-x3+1/2,-x4"," "," "
"69.1 Fmmm(00g)",,"-x1,x2,x3,x4","x1,-x2,x3,x4","x1,x2,-x3,-x4"," "," "
"69.2 Fmmm(00g)s00","0s0","-x1,x2,x3,x4+1/2","x1,-x2,x3,x4","x1,x2,-x3,-x4"," "," "
"69.3 Fmmm(00g)ss0",,"-x1,x2,x3,x4+1/2","x1,-x2,x3,x4+1/2","x1,x2,-x3,-x4"," "," "
"69.4 Fmmm(10g)",,"-x1,x2,x3,-2x1+x4","x1,-x2,x3,x4","x1,x2,-x3,2x1-x4"," "," "
"69.5 Fmmm(10g)s00","0s0","-x1,x2,x3,-2x1+x4+1/2","x1,-x2,x3,x4","x1,x2,-x3,2x1-x4"," "," "
"69.6 Fmmm(10g)ss0",,"-x1,x2,x3,-2x1+x4+1/2","x1,-x2,x3,x4+1/2","x1,x2,-x3,2x1-x4"," "," "
"70.1 Fddd(00g)","ss0","-x1+1/4,x2+1/4,x3+1/4,x4","x1+1/4,-x2+1/4,x3+1/4,x4","x1+1/4,x2+1/4,-x3+1/4,-x4"," "," "
"70.2 Fddd(00g)s00","0s0","-x1+1/4,x2+1/4,x3+1/4,x4+1/2","x1+1/4,-x2+1/4,x3+1/4,x4","x1+1/4,x2+1/4,-x3+1/4,-x4"," "," "
"71.1 Immm(00g)",,"-x1,x2,x3,x4","x1,-x2,x3,x4","x1,x2,-x3,-x4"," "," "
"71.2 Immm(00g)s00","0s0","-x1,x2,x3,x4+1/2","x1,-x2,x3,x4","x1,x2,-x3,-x4"," "," "
"71.3 Immm(00g)ss0",,"-x1,x2,x3,x4+1/2","x1,-x2,x3,x4+1/2","x1,x2,-x3,-x4"," "," "
"72.1 Ibam(00g)",,"-x1,x2,x3+1/2,x4","x1,-x2,x3+1/2,x4","x1,x2,-x3,-x4"," "," "
"72.2 Ibam(00g)s00","0s0","-x1,x2,x3+1/2,x4+1/2","x1,-x2,x3+1/2,x4","x1,x2,-x3,-x4"," "," "
"72.3 Ibam(00g)ss0",,"-x1,x2,x3+1/2,x4+1/2","x1,-x2,x3+1/2,x4+1/2","x1,x2,-x3,-x4"," "," "
"72.4 Imcb(00g)",,"-x1,x2,x3,x4","x1+1/2,-x2,x3,x4","x1+1/2,x2,-x3,-x4"," "," "
"72.5 Imcb(00g)s00",,"-x1,x2,x3,x4+1/2","x1+1/2,-x2,x3,x4","x1+1/2,x2,-x3,-x4"," "," "
"72.6 Imcb(00g)ss0",,"-x1,x2,x3,x4+1/2","x1+1/2,-x2,x3,x4+1/2","x1+1/2,x2,-x3,-x4"," "," "
"72.7 Imcb(00g)0s0",,"-x1,x2,x3,x4","x1+1/2,-x2,x3,x4+1/2","x1+1/2,x2,-x3,-x4"," "," "
"73.1 Ibca(00g)",,"-x1,x2,x3+1/2,x4","x1+1/2,-x2,x3,x4","x1,x2+1/2,-x3,-x4"," "," "
"73.2 Ibca(00g)s00","0s0","-x1,x2,x3+1/2,x4+1/2","x1+1/2,-x2,x3,x4","x1,x2+1/2,-x3,-x4"," "," "
"73.3 Ibca(00g)ss0",,"-x1,x2,x3+1/2,x4+1/2","x1+1/2,-x2,x3,x4+1/2","x1,x2+1/2,-x3,-x4"," "," "
"74.1 Imma(00g)",,"-x1,x2,x3,x4","x1,-x2+1/2,x3,x4","x1,x2+1/2,-x3,-x4"," "," "
"74.2 Imma(00g)s00","0s0","-x1,x2,x3,x4+1/2","x1,-x2+1/2,x3,x4","x1,x2+1/2,-x3,-x4"," "," "
"74.3 Imma(00g)ss0",,"-x1,x2,x3,x4+1/2","x1,-x2+1/2,x3,x4+1/2","x1,x2+1/2,-x3,-x4"," "," "
"74.4 Icmm(00g)",,"-x1,x2+1/2,x3,x4","x1,-x2+1/2,x3,x4","x1,x2,-x3,-x4"," "," "
"74.5 Icmm(00g)s00",,"-x1,x2+1/2,x3,x4+1/2","x1,-x2+1/2,x3,x4","x1,x2,-x3,-x4"," "," "
"74.6 Icmm(00g)ss0",,"-x1,x2+1/2,x3,x4+1/2","x1,-x2+1/2,x3,x4+1/2","x1,x2,-x3,-x4"," "," "
"74.7 Icmm(00g)0s0",,"-x1,x2+1/2,x3,x4","x1,-x2+1/2,x3,x4+1/2","x1,x2,-x3,-x4"," "," "
"75.1 P4(00g)",,"-x2,x1,x3,x4"," "," "," "," "
"75.2 P4(00g)q",,"-x2,x1,x3,x4+1/4"," "," "," "," "
"75.3 P4(00g)s",,"-x2,x1,x3,x4+1/2"," "," "," "," "
"75.4 P4(1/21/2g)","s","-x2,x1,x3,-x2+x4"," "," "," "," "
"75.5 P4(1/21/2g)q",,"-x2,x1,x3,-x2+x4+1/4"," "," "," "," "
"76.1 P4_1(00g)","q,s","-x2,x1,x3+1/4,x4"," "," "," "," "
"76.2 P4_1(1/21/2g)","q,s","-x2,x1,x3+1/4,-x2+x4"," "," "," "," "
"77.1 P4_2(00g)","s","-x2,x1,x3+1/2,x4"," "," "," "," "
"77.2 P4_2(00g)q",,"-x2,x1,x3+1/2,x4+1/4"," "," "," "," "
"77.3 P4_2(1/21/2g)","s","-x2,x1,x3+1/2,-x2+x4"," "," "," "," "
"77.4 P4_2(1/21/2g)q",,"-x2,x1,x3+1/2,-x2+x4+1/4"," "," "," "," "
"78.1 P4_3(00g)","q,s","-x2,x1,x3+3/4,x4"," "," "," "," "
"78.2 P4_3(1/21/2g)","q,s","-x2,x1,x3+3/4,-x2+x4"," "," "," "," "
"79.1 I4(00g)",,"-x2,x1,x3,x4"," "," "," "," "
"79.2 I4(00g)q",,"-x2,x1,x3,x4+1/4"," "," "," "," "
"79.3 I4(00g)s",,"-x2,x1,x3,x4+1/2"," "," "," "," "
"80.1 I4_1(00g)","s","-x2,x1+1/2,x3+1/4,x4"," "," "," "," "
"80.2 I4_1(00g)q",,"-x2,x1+1/2,x3+1/4,x4+1/4"," "," "," "," "
"81.1 P-4(00g)",,"x2,-x1,-x3,-x4"," "," "," "," "
"81.2 P-4(1/21/2g)",,"x2,-x1,-x3,x2-x4"," "," "," "," "
"82.1 I-4(00g)",,"x2,-x1,-x3,-x4"," "," "," "," "
"83.1 P4/m(00g)",,"-x2,x1,x3,x4","x1,x2,-x3,-x4"," "," "," "
"83.2 P4/m(00g)s0",,"-x2,x1,x3,x4+1/2","x1,x2,-x3,-x4"," "," "," "
"83.3 P4/m(1/21/2g)","s0","-x2,x1,x3,-x2+x4","x1,x2,-x3,x1+x2-x4"," "," "," "
"84.1 P4_2/m(00g)","s0","-x2,x1,x3+1/2,x4","x1,x2,-x3,-x4"," "," "," "
"84.2 P4_2/m(1/21/2g)","s0","-x2,x1,x3+1/2,-x2+x4","x1,x2,-x3,x1+x2-x4"," "," "," "
"85.1 P4/n(00g)",,"-x2+1/2,x1+1/2,x3,x4","x1+1/2,x2+1/2,-x3,-x4"," "," "," "
"85.2 P4/n(00g)s0",,"-x2+1/2,x1+1/2,x3,x4+1/2","x1+1/2,x2+1/2,-x3,-x4"," "," "," "
"85.3 P4/n(1/21/2g)q0",,"-x2+1/2,x1+1/2,x3,-x2+x4+3/4","x1+1/2,x2+1/2,-x3,x1+x2-x4+1/2"," "," "," "
"86.1 P4_2/n(00g)","s0","-x2+1/2,x1+1/2,x3+1/2,x4","x1+1/2,x2+1/2,-x3+1/2,-x4"," "," "," "
"86.2 P4_2/n(1/21/2g)q0",,"-x2+1/2,x1+1/2,x3+1/2,-x2+x4+3/4","x1+1/2,x2+1/2,-x3+1/2,x1+x2-x4+1/2"," "," "," "
"87.1 I4/m(00g)",,"-x2,x1,x3,x4","x1,x2,-x3,-x4"," "," "," "
"87.2 I4/m(00g)s0",,"-x2,x1,x3,x4+1/2","x1,x2,-x3,-x4"," "," "," "
"88.1 I4_1/a(00g)","s0","-x2,x1+1/2,x3+1/4,x4","x1,x2+1/2,-x3+1/4,-x4"," "," "," "
"89.1 P422(00g)",,"-x2,x1,x3,x4","-x1,x2,-x3,-x4","-x2,-x1,-x3,-x4"," "," "
"89.2 P422(00g)q00",,"-x2,x1,x3,x4+1/4","-x1,x2,-x3,-x4+1/2","-x2,-x1,-x3,-x4+3/4"," "," "
"89.3 P422(00g)s00",,"-x2,x1,x3,x4+1/2","-x1,x2,-x3,-x4","-x2,-x1,-x3,-x4+1/2"," "," "
"89.4 P422(1/21/2g)","s00","-x2,x1,x3,-x2+x4","-x1,x2,-x3,x2-x4","-x2,-x1,-x3,-x4"," "," "
"89.5 P422(1/21/2g)q00",,"-x2,x1,x3,-x2+x4+1/4","-x1,x2,-x3,x2-x4+1/2","-x2,-x1,-x3,-x4+3/4"," "," "
"90.1 P42_12(00g)",,"-x2+1/2,x1+1/2,x3,x4","-x1+1/2,x2+1/2,-x3,-x4","-x2,-x1,-x3,-x4"," "," "
"90.2 P42_12(00g)q00",,"-x2+1/2,x1+1/2,x3,x4+1/4","-x1+1/2,x2+1/2,-x3,-x4+1/2","-x2,-x1,-x3,-x4+3/4"," "," "
"90.3 P42_12(00g)s00",,"-x2+1/2,x1+1/2,x3,x4+1/2","-x1+1/2,x2+1/2,-x3,-x4","-x2,-x1,-x3,-x4+1/2"," "," "
"91.1 P4_122(00g)","q00,s00","-x2,x1,x3+1/4,x4","-x1,x2,-x3,-x4","-x2,-x1,-x3+1/4,-x4"," "," "
"91.2 P4_122(1/21/2g)","q00,s00","-x2,x1,x3+1/4,-x2+x4","-x1,x2,-x3,x2-x4","-x2,-x1,-x3+1/4,-x4"," "," "
"92.1 P4_12_12(00g)","q00,s00","-x2+1/2,x1+1/2,x3+1/4,x4","-x1+1/2,x2+1/2,-x3+1/4,-x4","-x2,-x1,-x3+1/2,-x4"," "," "
"93.1 P4_222(00g)","s00","-x2,x1,x3+1/2,x4","-x1,x2,-x3,-x4","-x2,-x1,-x3+1/2,-x4"," "," "
"93.2 P4_222(00g)q00",,"-x2,x1,x3+1/2,x4+1/4","-x1,x2,-x3,-x4+1/2","-x2,-x1,-x3+1/2,-x4+3/4"," "," "
"93.3 P4_222(1/21/2g)","s00","-x2,x1,x3+1/2,-x2+x4","-x1,x2,-x3,x2-x4","-x2,-x1,-x3+1/2,-x4"," "," "
"93.4 P4_222(1/21/2g)q00",,"-x2,x1,x3+1/2,-x2+x4+1/4","-x1,x2,-x3,x2-x4+1/2","-x2,-x1,-x3+1/2,-x4+3/4"," "," "
"94.1 P4_22_12(00g)","s00","-x2+1/2,x1+1/2,x3+1/2,x4","-x1+1/2,x2+1/2,-x3+1/2,-x4","-x2,-x1,-x3,-x4"," "," "
"94.2 P4_22_12(00g)q00",,"-x2+1/2,x1+1/2,x3+1/2,x4+1/4","-x1+1/2,x2+1/2,-x3+1/2,-x4+1/2","-x2,-x1,-x3,-x4+3/4"," "," "
"95.1 P4_322(00g)","q00,s00","-x2,x1,x3+3/4,x4","-x1,x2,-x3,-x4","-x2,-x1,-x3+3/4,-x4"," "," "
"95.2 P4_322(1/21/2g)","q00,s00","-x2,x1,x3+3/4,-x2+x4","-x1,x2,-x3,x2-x4","-x2,-x1,-x3+3/4,-x4"," "," "
"96.1 P4_32_12(00g)","q00,s00","-x2+1/2,x1+1/2,x3+3/4,x4","-x1+1/2,x2+1/2,-x3+3/4,-x4","-x2,-x1,-x3+1/2,-x4"," "," "
"97.1 I422(00g)",,"-x2,x1,x3,x4","-x1,x2,-x3,-x4","-x2,-x1,-x3,-x4"," "," "
"97.2 I422(00g)q00",,"-x2,x1,x3,x4+1/4","-x1,x2,-x3,-x4+1/2","-x2,-x1,-x3,-x4+3/4"," "," "
"97.3 I422(00g)s00",,"-x2,x1,x3,x4+1/2","-x1,x2,-x3,-x4","-x2,-x1,-x3,-x4+1/2"," "," "
"98.1 I4_122(00g)","s00","-x2,x1+1/2,x3+1/4,x4","-x1,x2+1/2,-x3+1/4,-x4","-x2,-x1,-x3,-x4"," "," "
"98.2 I4_122(00g)q00",,"-x2,x1+1/2,x3+1/4,x4+1/4","-x1,x2+1/2,-x3+1/4,-x4+1/2","-x2,-x1,-x3,-x4+3/4"," "," "
"99.1 P4mm(00g)",,"-x2,x1,x3,x4","x1,-x2,x3,x4","x2,x1,x3,x4"," "," "
"99.2 P4mm(00g)ss0",,"-x2,x1,x3,x4+1/2","x1,-x2,x3,x4+1/2","x2,x1,x3,x4"," "," "
"99.3 P4mm(00g)0ss",,"-x2,x1,x3,x4","x1,-x2,x3,x4+1/2","x2,x1,x3,x4+1/2"," "," "
"99.4 P4mm(00g)s0s",,"-x2,x1,x3,x4+1/2","x1,-x2,x3,x4","x2,x1,x3,x4+1/2"," "," "
"99.5 P4mm(1/21/2g)","ss0","-x2,x1,x3,-x2+x4","x1,-x2,x3,-x2+x4","x2,x1,x3,x4"," "," "
"99.6 P4mm(1/21/2g)0ss","s0s","-x2,x1,x3,-x2+x4","x1,-x2,x3,-x2+x4+1/2","x2,x1,x3,x4+1/2"," "," "
"100.1 P4bm(00g)",,"-x2,x1,x3,x4","x1+1/2,-x2+1/2,x3,x4","x2+1/2,x1+1/2,x3,x4"," "," "
"100.2 P4bm(00g)ss0",,"-x2,x1,x3,x4+1/2","x1+1/2,-x2+1/2,x3,x4+1/2","x2+1/2,x1+1/2,x3,x4"," "," "
"100.3 P4bm(00g)0ss",,"-x2,x1,x3,x4","x1+1/2,-x2+1/2,x3,x4+1/2","x2+1/2,x1+1/2,x3,x4+1/2"," "," "
"100.4 P4bm(00g)s0s",,"-x2,x1,x3,x4+1/2","x1+1/2,-x2+1/2,x3,x4","x2+1/2,x1+1/2,x3,x4+1/2"," "," "
"100.5 P4bm(1/21/2g)qq0",,"-x2,x1,x3,-x2+x4+3/4","x1+1/2,-x2+1/2,x3,-x2+x4+1/4","x2+1/2,x1+1/2,x3,x4+1/2"," "," "
"100.6 P4bm(1/21/2g)qqs",,"-x2,x1,x3,-x2+x4+1/4","x1+1/2,-x2+1/2,x3,-x2+x4+1/4","x2+1/2,x1+1/2,x3,x4"," "," "
"101.1 P4_2cm(00g)","ss0","-x2,x1,x3+1/2,x4","x1,-x2,x3+1/2,x4","x2,x1,x3,x4"," "," "
"101.2 P4_2cm(00g)0ss","s0s","-x2,x1,x3+1/2,x4","x1,-x2,x3+1/2,x4+1/2","x2,x1,x3,x4+1/2"," "," "
"101.3 P4_2cm(1/21/2g)","ss0","-x2,x1,x3+1/2,-x2+x4","x1,-x2,x3+1/2,-x2+x4","x2,x1,x3,x4"," "," "
"101.4 P4_2cm(1/21/2g)0ss","s0s","-x2,x1,x3+1/2,-x2+x4","x1,-x2,x3+1/2,-x2+x4+1/2","x2,x1,x3,x4+1/2"," "," "
"102.1 P4_2nm(00g)","ss0","-x2+1/2,x1+1/2,x3+1/2,x4","x1+1/2,-x2+1/2,x3+1/2,x4","x2,x1,x3,x4"," "," "
"102.2 P4_2nm(00g)0ss","s0s","-x2+1/2,x1+1/2,x3+1/2,x4","x1+1/2,-x2+1/2,x3+1/2,x4+1/2","x2,x1,x3,x4+1/2"," "," "
"102.3 P4_2nm(1/21/2g)qq0",,"-x2+1/2,x1+1/2,x3+1/2,-x2+x4+3/4","x1+1/2,-x2+1/2,x3+1/2,-x2+x4+3/4","x2,x1,x3,x4"," "," "
"102.4 P4_2nm(1/21/2g)qqs",,"-x2+1/2,x1+1/2,x3+1/2,-x2+x4+1/4","x1+1/2,-x2+1/2,x3+1/2,-x2+x4+3/4","x2,x1,x3,x4+1/2"," "," "
"103.1 P4cc(00g)","0ss","-x2,x1,x3,x4","x1,-x2,x3+1/2,x4","x2,x1,x3+1/2,x4"," "," "
"103.2 P4cc(00g)ss0","s0s","-x2,x1,x3,x4+1/2","x1,-x2,x3+1/2,x4+1/2","x2,x1,x3+1/2,x4"," "," "
"103.3 P4cc(1/21/2g)","0ss,s0s,ss0","-x2,x1,x3,-x2+x4","x1,-x2,x3+1/2,-x2+x4","x2,x1,x3+1/2,x4"," "," "
"104.1 P4nc(00g)","0ss","-x2,x1,x3,x4","x1+1/2,-x2+1/2,x3+1/2,x4","x2+1/2,x1+1/2,x3+1/2,x4"," "," "
"104.2 P4nc(00g)ss0","s0s","-x2,x1,x3,x4+1/2","x1+1/2,-x2+1/2,x3+1/2,x4+1/2","x2+1/2,x1+1/2,x3+1/2,x4"," "," "
"104.3 P4nc(1/21/2g)qq0","qqs","-x2,x1,x3,-x2+x4+3/4","x1+1/2,-x2+1/2,x3+1/2,-x2+x4+1/4","x2+1/2,x1+1/2,x3+1/2,x4+1/2"," "," "
"105.1 P4_2mc(00g)","s0s","-x2,x1,x3+1/2,x4","x1,-x2,x3,x4","x2,x1,x3+1/2,x4"," "," "
"105.2 P4_2mc(00g)ss0","0ss","-x2,x1,x3+1/2,x4+1/2","x1,-x2,x3,x4+1/2","x2,x1,x3+1/2,x4"," "," "
"105.3 P4_2mc(1/21/2g)","0ss,s0s,ss0","-x2,x1,x3+1/2,-x2+x4","x1,-x2,x3,-x2+x4","x2,x1,x3+1/2,x4"," "," "
"106.1 P4_2bc(00g)","s0s","-x2,x1,x3+1/2,x4","x1+1/2,-x2+1/2,x3,x4","x2+1/2,x1+1/2,x3+1/2,x4"," "," "
"106.2 P4_2bc(00g)ss0","0ss","-x2,x1,x3+1/2,x4+1/2","x1+1/2,-x2+1/2,x3,x4+1/2","x2+1/2,x1+1/2,x3+1/2,x4"," "," "
"106.3 P4_2bc(1/21/2g)qq0","qqs","-x2,x1,x3+1/2,-x2+x4+3/4","x1+1/2,-x2+1/2,x3,-x2+x4+1/4","x2+1/2,x1+1/2,x3+1/2,x4+1/2"," "," "
"107.1 I4mm(00g)",,"-x2,x1,x3,x4","x1,-x2,x3,x4","x2,x1,x3,x4"," "," "
"107.2 I4mm(00g)ss0",,"-x2,x1,x3,x4+1/2","x1,-x2,x3,x4+1/2","x2,x1,x3,x4"," "," "
"107.3 I4mm(00g)0ss",,"-x2,x1,x3,x4","x1,-x2,x3,x4+1/2","x2,x1,x3,x4+1/2"," "," "
"107.4 I4mm(00g)s0s",,"-x2,x1,x3,x4+1/2","x1,-x2,x3,x4","x2,x1,x3,x4+1/2"," "," "
"108.1 I4cm(00g)",,"-x2,x1,x3,x4","x1,-x2,x3+1/2,x4","x2,x1,x3+1/2,x4"," "," "
"108.2 I4cm(00g)ss0",,"-x2,x1,x3,x4+1/2","x1,-x2,x3+1/2,x4+1/2","x2,x1,x3+1/2,x4"," "," "
"108.3 I4cm(00g)0ss",,"-x2,x1,x3,x4","x1,-x2,x3+1/2,x4+1/2","x2,x1,x3+1/2,x4+1/2"," "," "
"108.4 I4cm(00g)s0s",,"-x2,x1,x3,x4+1/2","x1,-x2,x3+1/2,x4","x2,x1,x3+1/2,x4+1/2"," "," "
"109.1 I4_1md(00g)","s0s","-x2,x1+1/2,x3+1/4,x4","x1,-x2,x3,x4","x2,x1+1/2,x3+1/4,x4"," "," "
"109.2 I4_1md(00g)ss0","0ss","-x2,x1+1/2,x3+1/4,x4+1/2","x1,-x2,x3,x4+1/2","x2,x1+1/2,x3+1/4,x4"," "," "
"110.1 I4_1cd(00g)","s0s","-x2,x1+1/2,x3+1/4,x4","x1,-x2,x3+1/2,x4","x2+1/2,x1,x3+1/4,x4"," "," "
"110.2 I4_1cd(00g)ss0","0ss","-x2,x1+1/2,x3+1/4,x4+1/2","x1,-x2,x3+1/2,x4+1/2","x2+1/2,x1,x3+1/4,x4"," "," "
"111.1 P-42m(00g)",,"x2,-x1,-x3,-x4","-x1,x2,-x3,-x4","x2,x1,x3,x4"," "," "
"111.2 P-42m(00g)00s",,"x2,-x1,-x3,-x4","-x1,x2,-x3,-x4+1/2","x2,x1,x3,x4+1/2"," "," "
"111.3 P-42m(1/21/2g)",,"x2,-x1,-x3,x2-x4","-x1,x2,-x3,x2-x4","x2,x1,x3,x4"," "," "
"111.4 P-42m(1/21/2g)00s",,"x2,-x1,-x3,x2-x4","-x1,x2,-x3,x2-x4+1/2","x2,x1,x3,x4+1/2"," "," "
"112.1 P-42c(00g)","00s","x2,-x1,-x3,-x4","-x1,x2,-x3+1/2,-x4","x2,x1,x3+1/2,x4"," "," "
"112.2 P-42c(1/21/2g)","00s","x2,-x1,-x3,x2-x4","-x1,x2,-x3+1/2,x2-x4","x2,x1,x3+1/2,x4"," "," "
"113.1 P-42_1m(00g)",,"x2,-x1,-x3,-x4","-x1+1/2,x2+1/2,-x3,-x4","x2+1/2,x1+1/2,x3,x4"," "," "
"113.2 P-42_1m(00g)00s",,"x2,-x1,-x3,-x4","-x1+1/2,x2+1/2,-x3,-x4+1/2","x2+1/2,x1+1/2,x3,x4+1/2"," "," "
"114.1 P-42_1c(00g)","00s","x2,-x1,-x3,-x4","-x1+1/2,x2+1/2,-x3+1/2,-x4","x2+1/2,x1+1/2,x3+1/2,x4"," "," "
"115.1 P-4m2(00g)",,"x2,-x1,-x3,-x4","x1,-x2,x3,x4","-x2,-x1,-x3,-x4"," "," "
"115.2 P-4m2(00g)0s0",,"x2,-x1,-x3,-x4","x1,-x2,x3,x4+1/2","-x2,-x1,-x3,-x4+1/2"," "," "
"115.3 P-4m2(1/21/2g)","0s0","x2,-x1,-x3,x2-x4","x1,-x2,x3,-x2+x4","-x2,-x1,-x3,-x4"," "," "
"116.1 P-4c2(00g)","0s0","x2,-x1,-x3,-x4","x1,-x2,x3+1/2,x4","-x2,-x1,-x3+1/2,-x4"," "," "
"116.2 P-4c2(1/21/2g)","0s0","x2,-x1,-x3,x2-x4","x1,-x2,x3+1/2,-x2+x4","-x2,-x1,-x3+1/2,-x4"," "," "
"117.1 P-4b2(00g)",,"x2,-x1,-x3,-x4","x1+1/2,-x2+1/2,x3,x4","-x2+1/2,-x1+1/2,-x3,-x4"," "," "
"117.2 P-4b2(00g)0s0",,"x2,-x1,-x3,-x4","x1+1/2,-x2+1/2,x3,x4+1/2","-x2+1/2,-x1+1/2,-x3,-x4+1/2"," "," "
"117.3 P-4b2(1/21/2g)0q0",,"x2,-x1,-x3,x2-x4","x1+1/2,-x2+1/2,x3,-x2+x4+3/4","-x2+1/2,-x1+1/2,-x3,-x4+3/4"," "," "
"118.1 P-4n2(00g)","0s0","x2,-x1,-x3,-x4","x1+1/2,-x2+1/2,x3+1/2,x4","-x2+1/2,-x1+1/2,-x3+1/2,-x4"," "," "
"118.2 P-4n2(1/21/2g)0q0",,"x2,-x1,-x3,x2-x4","x1+1/2,-x2+1/2,x3+1/2,-x2+x4+3/4","-x2+1/2,-x1+1/2,-x3+1/2,-x4+3/4"," "," "
"119.1 I-4m2(00g)",,"x2,-x1,-x3,-x4","x1,-x2,x3,x4","-x2,-x1,-x3,-x4"," "," "
"119.2 I-4m2(00g)0s0",,"x2,-x1,-x3,-x4","x1,-x2,x3,x4+1/2","-x2,-x1,-x3,-x4+1/2"," "," "
"120.1 I-4c2(00g)",,"x2,-x1,-x3,-x4","x1,-x2,x3+1/2,x4","-x2,-x1,-x3+1/2,-x4"," "," "
"120.2 I-4c2(00g)0s0",,"x2,-x1,-x3,-x4","x1,-x2,x3+1/2,x4+1/2","-x2,-x1,-x3+1/2,-x4+1/2"," "," "
"121.1 I-42m(00g)",,"x2,-x1,-x3,-x4","-x1,x2,-x3,-x4","x2,x1,x3,x4"," "," "
"121.2 I-42m(00g)00s",,"x2,-x1,-x3,-x4","-x1,x2,-x3,-x4+1/2","x2,x1,x3,x4+1/2"," "," "
"122.1 I-42d(00g)","00s","x2,-x1,-x3,-x4","-x1,x2+1/2,-x3+1/4,-x4","x2,x1+1/2,x3+1/4,x4"," "," "
"123.1 P4/mmm(00g)",,"-x2,x1,x3,x4","x1,x2,-x3,-x4","x1,-x2,x3,x4","x2,x1,x3,x4"," "
"123.2 P4/mmm(00g)s0s0",,"-x2,x1,x3,x4+1/2","x1,x2,-x3,-x4","x1,-x2,x3,x4+1/2","x2,x1,x3,x4"," "
"123.3 P4/mmm(00g)00ss",,"-x2,x1,x3,x4","x1,x2,-x3,-x4","x1,-x2,x3,x4+1/2","x2,x1,x3,x4+1/2"," "
"123.4 P4/mmm(00g)s00s",,"-x2,x1,x3,x4+1/2","x1,x2,-x3,-x4","x1,-x2,x3,x4","x2,x1,x3,x4+1/2"," "
"123.5 P4/mmm(1/21/2g)","s0s0","-x2,x1,x3,-x2+x4","x1,x2,-x3,x1+x2-x4","x1,-x2,x3,-x2+x4","x2,x1,x3,x4"," "
"123.6 P4/mmm(1/21/2g)00ss","s00s","-x2,x1,x3,-x2+x4","x1,x2,-x3,x1+x2-x4","x1,-x2,x3,-x2+x4+1/2","x2,x1,x3,x4+1/2"," "
"124.1 P4/mcc(00g)","00ss","-x2,x1,x3,x4","x1,x2,-x3,-x4","x1,-x2,x3+1/2,x4","x2,x1,x3+1/2,x4"," "
"124.2 P4/mcc(00g)s0s0","s00s","-x2,x1,x3,x4+1/2","x1,x2,-x3,-x4","x1,-x2,x3+1/2,x4+1/2","x2,x1,x3+1/2,x4"," "
"124.3 P4/mcc(1/21/2g)","00ss,s00s,s0s0","-x2,x1,x3,-x2+x4","x1,x2,-x3,x1+x2-x4","x1,-x2,x3+1/2,-x2+x4","x2,x1,x3+1/2,x4"," "
"125.1 P4/nbm(00g)",,"-x2,x1,x3,x4","x1+1/2,x2+1/2,-x3,-x4","x1+1/2,-x2+1/2,x3,x4","x2+1/2,x1+1/2,x3,x4"," "
"125.2 P4/nbm(00g)s0s0",,"-x2,x1,x3,x4+1/2","x1+1/2,x2+1/2,-x3,-x4","x1+1/2,-x2+1/2,x3,x4+1/2","x2+1/2,x1+1/2,x3,x4"," "
"125.3 P4/nbm(00g)00ss",,"-x2,x1,x3,x4","x1+1/2,x2+1/2,-x3,-x4","x1+1/2,-x2+1/2,x3,x4+1/2","x2+1/2,x1+1/2,x3,x4+1/2"," "
"125.4 P4/nbm(00g)s00s",,"-x2,x1,x3,x4+1/2","x1+1/2,x2+1/2,-x3,-x4","x1+1/2,-x2+1/2,x3,x4","x2+1/2,x1+1/2,x3,x4+1/2"," "
"125.5 P4/nbm(1/21/2g)q0q0",,"-x2,x1,x3,-x2+x4+3/4","x1+1/2,x2+1/2,-x3,x1+x2-x4+1/2","x1+1/2,-x2+1/2,x3,-x2+x4+1/4","x2+1/2,x1+1/2,x3,x4+1/2"," "
"125.6 P4/nbm(1/21/2g)q0qs",,"-x2,x1,x3,-x2+x4+1/4","x1+1/2,x2+1/2,-x3,x1+x2-x4+1/2","x1+1/2,-x2+1/2,x3,-x2+x4+1/4","x2+1/2,x1+1/2,x3,x4"," "
"126.1 P4/nnc(00g)","00ss","-x2,x1,x3,x4","x1+1/2,x2+1/2,-x3+1/2,-x4","x1+1/2,-x2+1/2,x3+1/2,x4","x2+1/2,x1+1/2,x3+1/2,x4"," "
"126.2 P4/nnc(00g)s0s0","s00s","-x2,x1,x3,x4+1/2","x1+1/2,x2+1/2,-x3+1/2,-x4","x1+1/2,-x2+1/2,x3+1/2,x4+1/2","x2+1/2,x1+1/2,x3+1/2,x4"," "
"126.3 P4/nnc(1/21/2g)q0q0","q0qs","-x2,x1,x3,-x2+x4+3/4","x1+1/2,x2+1/2,-x3+1/2,x1+x2-x4+1/2","x1+1/2,-x2+1/2,x3+1/2,-x2+x4+1/4","x2+1/2,x1+1/2,x3+1/2,x4+1/2"," "
"127.1 P4/mbm(00g)",,"-x2,x1,x3,x4","x1,x2,-x3,-x4","x1+1/2,-x2+1/2,x3,x4","x2+1/2,x1+1/2,x3,x4"," "
"127.2 P4/mbm(00g)s0s0",,"-x2,x1,x3,x4+1/2","x1,x2,-x3,-x4","x1+1/2,-x2+1/2,x3,x4+1/2","x2+1/2,x1+1/2,x3,x4"," "
"127.3 P4/mbm(00g)00ss",,"-x2,x1,x3,x4","x1,x2,-x3,-x4","x1+1/2,-x2+1/2,x3,x4+1/2","x2+1/2,x1+1/2,x3,x4+1/2"," "
"127.4 P4/mbm(00g)s00s",,"-x2,x1,x3,x4+1/2","x1,x2,-x3,-x4","x1+1/2,-x2+1/2,x3,x4","x2+1/2,x1+1/2,x3,x4+1/2"," "
"128.1 P4/mnc(00g)","00ss","-x2,x1,x3,x4","x1,x2,-x3,-x4","x1+1/2,-x2+1/2,x3+1/2,x4","x2+1/2,x1+1/2,x3+1/2,x4"," "
"128.2 P4/mnc(00g)s0s0","s00s","-x2,x1,x3,x4+1/2","x1,x2,-x3,-x4","x1+1/2,-x2+1/2,x3+1/2,x4+1/2","x2+1/2,x1+1/2,x3+1/2,x4"," "
"129.1 P4/nmm(00g)",,"-x2+1/2,x1+1/2,x3,x4","x1+1/2,x2+1/2,-x3,-x4","x1,-x2,x3,x4","x2+1/2,x1+1/2,x3,x4"," "
"129.2 P4/nmm(00g)s0s0",,"-x2+1/2,x1+1/2,x3,x4+1/2","x1+1/2,x2+1/2,-x3,-x4","x1,-x2,x3,x4+1/2","x2+1/2,x1+1/2,x3,x4"," "
"129.3 P4/nmm(00g)00ss",,"-x2+1/2,x1+1/2,x3,x4","x1+1/2,x2+1/2,-x3,-x4","x1,-x2,x3,x4+1/2","x2+1/2,x1+1/2,x3,x4+1/2"," "
"129.4 P4/nmm(00g)s00s",,"-x2+1/2,x1+1/2,x3,x4+1/2","x1+1/2,x2+1/2,-x3,-x4","x1,-x2,x3,x4","x2+1/2,x1+1/2,x3,x4+1/2"," "
"130.1 P4/ncc(00g)","00ss","-x2+1/2,x1+1/2,x3,x4","x1+1/2,x2+1/2,-x3,-x4","x1,-x2,x3+1/2,x4","x2+1/2,x1+1/2,x3+1/2,x4"," "
"130.2 P4/ncc(00g)s0s0","s00s","-x2+1/2,x1+1/2,x3,x4+1/2","x1+1/2,x2+1/2,-x3,-x4","x1,-x2,x3+1/2,x4+1/2","x2+1/2,x1+1/2,x3+1/2,x4"," "
"131.1 P4_2/mmc(00g)","s00s","-x2,x1,x3+1/2,x4","x1,x2,-x3,-x4","x1,-x2,x3,x4","x2,x1,x3+1/2,x4"," "
"131.2 P4_2/mmc(00g)s0s0","00ss","-x2,x1,x3+1/2,x4+1/2","x1,x2,-x3,-x4","x1,-x2,x3,x4+1/2","x2,x1,x3+1/2,x4"," "
"131.3 P4_2/mmc(1/21/2g)","00ss,s00s,s0s0","-x2,x1,x3+1/2,-x2+x4","x1,x2,-x3,x1+x2-x4","x1,-x2,x3,-x2+x4","x2,x1,x3+1/2,x4"," "
"132.1 P4_2/mcm(00g)","s0s0","-x2,x1,x3+1/2,x4","x1,x2,-x3,-x4","x1,-x2,x3+1/2,x4","x2,x1,x3,x4"," "
"132.2 P4_2/mcm(00g)00ss","s00s","-x2,x1,x3+1/2,x4","x1,x2,-x3,-x4","x1,-x2,x3+1/2,x4+1/2","x2,x1,x3,x4+1/2"," "
"132.3 P4_2/mcm(1/21/2g)","s0s0","-x2,x1,x3+1/2,-x2+x4","x1,x2,-x3,x1+x2-x4","x1,-x2,x3+1/2,-x2+x4","x2,x1,x3,x4"," "
"132.4 P4_2/mcm(1/21/2g)00ss","s00s","-x2,x1,x3+1/2,-x2+x4","x1,x2,-x3,x1+x2-x4","x1,-x2,x3+1/2,-x2+x4+1/2","x2,x1,x3,x4+1/2"," "
"133.1 P4_2/nbc(00g)","s00s","-x2+1/2,x1+1/2,x3+1/2,x4","x1+1/2,x2+1/2,-x3+1/2,-x4","x1+1/2,-x2+1/2,x3,x4","x2,x1,x3+1/2,x4"," "
"133.2 P4_2/nbc(00g)s0s0","00ss","-x2+1/2,x1+1/2,x3+1/2,x4+1/2","x1+1/2,x2+1/2,-x3+1/2,-x4","x1+1/2,-x2+1/2,x3,x4+1/2","x2,x1,x3+1/2,x4"," "
"133.3 P4_2/nbc(1/21/2g)q0q0","q0qs","-x2+1/2,x1+1/2,x3+1/2,-x2+x4+3/4","x1+1/2,x2+1/2,-x3+1/2,x1+x2-x4+1/2","x1+1/2,-x2+1/2,x3,-x2+x4+3/4","x2,x1,x3+1/2,x4"," "
"134.1 P4_2/nnm(00g)","s0s0","-x2+1/2,x1+1/2,x3+1/2,x4","x1+1/2,x2+1/2,-x3+1/2,-x4","x1+1/2,-x2+1/2,x3+1/2,x4","x2,x1,x3,x4"," "
"134.2 P4_2/nnm(00g)00ss","s00s","-x2+1/2,x1+1/2,x3+1/2,x4","x1+1/2,x2+1/2,-x3+1/2,-x4","x1+1/2,-x2+1/2,x3+1/2,x4+1/2","x2,x1,x3,x4+1/2"," "
"134.3 P4_2/nnm(1/21/2g)q0q0",,"-x2+1/2,x1+1/2,x3+1/2,-x2+x4+3/4","x1+1/2,x2+1/2,-x3+1/2,x1+x2-x4+1/2","x1+1/2,-x2+1/2,x3+1/2,-x2+x4+3/4","x2,x1,x3,x4"," "
"134.4 P4_2/nnm(1/21/2g)q0qs",,"-x2+1/2,x1+1/2,x3+1/2,-x2+x4+1/4","x1+1/2,x2+1/2,-x3+1/2,x1+x2-x4+1/2","x1+1/2,-x2+1/2,x3+1/2,-x2+x4+3/4","x2,x1,x3,x4+1/2"," "
"135.1 P4_2/mbc(00g)","s00s","-x2,x1,x3+1/2,x4","x1,x2,-x3,-x4","x1+1/2,-x2+1/2,x3,x4","x2+1/2,x1+1/2,x3+1/2,x4"," "
"135.2 P4_2/mbc(00g)s0s0","00ss","-x2,x1,x3+1/2,x4+1/2","x1,x2,-x3,-x4","x1+1/2,-x2+1/2,x3,x4+1/2","x2+1/2,x1+1/2,x3+1/2,x4"," "
"136.1 P4_2/mnm(00g)","s0s0","-x2+1/2,x1+1/2,x3+1/2,x4","x1,x2,-x3,-x4","x1+1/2,-x2+1/2,x3+1/2,x4","x2,x1,x3,x4"," "
"136.2 P4_2/mnm(00g)00ss","s00s","-x2+1/2,x1+1/2,x3+1/2,x4","x1,x2,-x3,-x4","x1+1/2,-x2+1/2,x3+1/2,x4+1/2","x2,x1,x3,x4+1/2"," "
"137.1 P4_2/nmc(00g)","s00s","-x2+1/2,x1+1/2,x3+1/2,x4","x1+1/2,x2+1/2,-x3+1/2,-x4","x1,-x2,x3,x4","x2+1/2,x1+1/2,x3+1/2,x4"," "
"137.2 P4_2/nmc(00g)s0s0","00ss","-x2+1/2,x1+1/2,x3+1/2,x4+1/2","x1+1/2,x2+1/2,-x3+1/2,-x4","x1,-x2,x3,x4+1/2","x2+1/2,x1+1/2,x3+1/2,x4"," "
"138.1 P4_2/ncm(00g)","s0s0","-x2+1/2,x1+1/2,x3+1/2,x4","x1+1/2,x2+1/2,-x3+1/2,-x4","x1,-x2,x3+1/2,x4","x2+1/2,x1+1/2,x3,x4"," "
"138.2 P4_2/ncm(00g)00ss","s00s","-x2+1/2,x1+1/2,x3+1/2,x4","x1+1/2,x2+1/2,-x3+1/2,-x4","x1,-x2,x3+1/2,x4+1/2","x2+1/2,x1+1/2,x3,x4+1/2"," "
"139.1 I4/mmm(00g)",,"-x2,x1,x3,x4","x1,x2,-x3,-x4","x1,-x2,x3,x4","x2,x1,x3,x4"," "
"139.2 I4/mmm(00g)s0s0",,"-x2,x1,x3,x4+1/2","x1,x2,-x3,-x4","x1,-x2,x3,x4+1/2","x2,x1,x3,x4"," "
"139.3 I4/mmm(00g)00ss",,"-x2,x1,x3,x4","x1,x2,-x3,-x4","x1,-x2,x3,x4+1/2","x2,x1,x3,x4+1/2"," "
"139.4 I4/mmm(00g)s00s",,"-x2,x1,x3,x4+1/2","x1,x2,-x3,-x4","x1,-x2,x3,x4","x2,x1,x3,x4+1/2"," "
"140.1 I4/mcm(00g)",,"-x2,x1,x3,x4","x1,x2,-x3,-x4","x1,-x2,x3+1/2,x4","x2,x1,x3+1/2,x4"," "
"140.2 I4/mcm(00g)s0s0",,"-x2,x1,x3,x4+1/2","x1,x2,-x3,-x4","x1,-x2,x3+1/2,x4+1/2","x2,x1,x3+1/2,x4"," "
"140.3 I4/mcm(00g)00ss",,"-x2,x1,x3,x4","x1,x2,-x3,-x4","x1,-x2,x3+1/2,x4+1/2","x2,x1,x3+1/2,x4+1/2"," "
"140.4 I4/mcm(00g)s00s",,"-x2,x1,x3,x4+1/2","x1,x2,-x3,-x4","x1,-x2,x3+1/2,x4","x2,x1,x3+1/2,x4+1/2"," "
"141.1 I4_1/amd(00g)","s00s","-x2,x1+1/2,x3+1/4,x4","x1,x2+1/2,-x3+1/4,-x4","x1,-x2,x3,x4","x2,x1+1/2,x3+1/4,x4"," "
"141.2 I4_1/amd(00g)s0s0","00ss","-x2,x1+1/2,x3+1/4,x4+1/2","x1,x2+1/2,-x3+1/4,-x4","x1,-x2,x3,x4+1/2","x2,x1+1/2,x3+1/4,x4"," "
"142.1 I4_1/acd(00g)","s00s","-x2,x1+1/2,x3+1/4,x4","x1,x2+1/2,-x3+1/4,-x4","x1,-x2,x3+1/2,x4","x2+1/2,x1,x3+1/4,x4"," "
"142.2 I4_1/acd(00g)s0s0","00ss","-x2,x1+1/2,x3+1/4,x4+1/2","x1,x2+1/2,-x3+1/4,-x4","x1,-x2,x3+1/2,x4+1/2","x2+1/2,x1,x3+1/4,x4"," "
"143.1 P3(1/31/3g)","t","-x2,x1-x2,x3,-x2+x4"," "," "," "," "
"143.2 P3(00g)",,"-x2,x1-x2,x3,x4"," "," "," "," "
"143.3 P3(00g)t",,"-x2,x1-x2,x3,x4+1/3"," "," "," "," "
"144.1 P3_1(1/31/3g)","t","-x2,x1-x2,x3+1/3,-x2+x4"," "," "," "," "
"144.2 P3_1(00g)","t","-x2,x1-x2,x3+1/3,x4"," "," "," "," "
"145.1 P3_2(1/31/3g)","t","-x2,x1-x2,x3+2/3,-x2+x4"," "," "," "," "
"145.2 P3_2(00g)","t","-x2,x1-x2,x3+2/3,x4"," "," "," "," "
"146.1 R3(00g)",,"-x2,x1-x2,x3,x4"," "," "," "," "
"146.2 R3(00g)t",,"-x2,x1-x2,x3,x4+1/3"," "," "," "," "
"147.1 P-3(1/31/3g)",,"x2,-x1+x2,-x3,x2-x4"," "," "," "," "
"147.2 P-3(00g)",,"x2,-x1+x2,-x3,-x4"," "," "," "," "
"148.1 R-3(00g)",,"x2,-x1+x2,-x3,-x4"," "," "," "," "
"149.1 P312(1/31/3g)","t00","-x2,x1-x2,x3,-x2+x4","-x2,-x1,-x3,-x4"," "," "," "
"149.2 P312(00g)",,"-x2,x1-x2,x3,x4","-x2,-x1,-x3,-x4"," "," "," "
"149.3 P312(00g)t00",,"-x2,x1-x2,x3,x4+1/3","-x2,-x1,-x3,-x4"," "," "," "
"150.1 P321(00g)",,"-x2,x1-x2,x3,x4","-x1,-x1+x2,-x3,-x4"," "," "," "
"150.2 P321(00g)t00",,"-x2,x1-x2,x3,x4+1/3","-x1,-x1+x2,-x3,-x4"," "," "," "
"151.1 P3_112(1/31/3g)","t00","-x2,x1-x2,x3+1/3,-x2+x4","-x2,-x1,-x3+2/3,-x4"," "," "," "
"151.2 P3_112(00g)","t00","-x2,x1-x2,x3+1/3,x4","-x2,-x1,-x3+2/3,-x4"," "," "," "
"152.1 P3_121(00g)","t00","-x2,x1-x2,x3+1/3,x4","-x1,-x1+x2,-x3+1/3,-x4"," "," "," "
"153.1 P3_212(1/31/3g)","t00","-x2,x1-x2,x3+2/3,-x2+x4","-x2,-x1,-x3+1/3,-x4"," "," "," "
"153.2 P3_212(00g)","t00","-x2,x1-x2,x3+2/3,x4","-x2,-x1,-x3+1/3,-x4"," "," "," "
"154.1 P3_221(00g)","t00","-x2,x1-x2,x3+2/3,x4","-x1,-x1+x2,-x3+2/3,-x4"," "," "," "
"155.1 R32(00g)",,"-x2,x1-x2,x3,x4","-x1,-x1+x2,-x3,-x4"," "," "," "
"155.2 R32(00g)t0",,"-x2,x1-x2,x3,x4+1/3","-x1,-x1+x2,-x3,-x4"," "," "," "
"156.1 P3m1(00g)",,"-x2,x1-x2,x3,x4","x1,x1-x2,x3,x4"," "," "," "
"156.2 P3m1(00g)0s0",,"-x2,x1-x2,x3,x4","x1,x1-x2,x3,x4+1/2"," "," "," "
"157.1 P31m(1/31/3g)",,"-x2,x1-x2,x3,-x2+x4","x2,x1,x3,x4"," "," "," "
"157.2 P31m(1/31/3g)00s",,"-x2,x1-x2,x3,-x2+x4","x2,x1,x3,x4+1/2"," "," "," "
"157.3 P31m(00g)",,"-x2,x1-x2,x3,x4","x2,x1,x3,x4"," "," "," "
"157.4 P31m(00g)00s",,"-x2,x1-x2,x3,x4","x2,x1,x3,x4+1/2"," "," "," "
"158.1 P3c1(00g)","0s0","-x2,x1-x2,x3,x4","x1,x1-x2,x3+1/2,x4"," "," "," "
"159.1 P31c(1/31/3g)","00s","-x2,x1-x2,x3,-x2+x4","x2,x1,x3+1/2,x4"," "," "," "
"159.2 P31c(00g)","00s","-x2,x1-x2,x3,x4","x2,x1,x3+1/2,x4"," "," "," "
"160.1 R3m(00g)",,"-x2,x1-x2,x3,x4","x1,x1-x2,x3,x4"," "," "," "
"160.2 R3m(00g)0s",,"-x2,x1-x2,x3,x4","x1,x1-x2,x3,x4+1/2"," "," "," "
"161.1 R3c(00g)","0s0","-x2,x1-x2,x3,x4","x1,x1-x2,x3+1/2,x4"," "," "," "
"162.1 P-31m(1/31/3g)",,"x2,-x1+x2,-x3,x2-x4","x2,x1,x3,x4"," "," "," "
"162.2 P-31m(1/31/3g)00s",,"x2,-x1+x2,-x3,x2-x4","x2,x1,x3,x4+1/2"," "," "," "
"162.3 P-31m(00g)",,"x2,-x1+x2,-x3,-x4","x2,x1,x3,x4"," "," "," "
"162.4 P-31m(00g)00s",,"x2,-x1+x2,-x3,-x4","x2,x1,x3,x4+1/2"," "," "," "
"163.1 P-31c(1/31/3g)","00s","x2,-x1+x2,-x3,x2-x4","x2,x1,x3+1/2,x4"," "," "," "
"163.2 P-31c(00g)","00s","x2,-x1+x2,-x3,-x4","x2,x1,x3+1/2,x4"," "," "," "
"164.1 P-3m1(00g)",,"x2,-x1+x2,-x3,-x4","x1,x1-x2,x3,x4"," "," "," "
"164.2 P-3m1(00g)0s0",,"x2,-x1+x2,-x3,-x4","x1,x1-x2,x3,x4+1/2"," "," "," "
"165.1 P-3c1(00g)","0s0","x2,-x1+x2,-x3,-x4","x1,x1-x2,x3+1/2,x4"," "," "," "
"166.1 R-3m(00g)",,"x2,-x1+x2,-x3,-x4","x1,x1-x2,x3,x4"," "," "," "
"166.2 R-3m(00g)0s",,"x2,-x1+x2,-x3,-x4","x1,x1-x2,x3,x4+1/2"," "," "," "
"167.1 R-3c(00g)","0s0","x2,-x1+x2,-x3,-x4","x1,x1-x2,x3+1/2,x4"," "," "," "
"168.1 P6(00g)",,"x1-x2,x1,x3,x4"," "," "," "," "
"168.2 P6(00g)h",,"x1-x2,x1,x3,x4+1/6"," "," "," "," "
"168.3 P6(00g)t",,"x1-x2,x1,x3,x4+1/3"," "," "," "," "
"168.4 P6(00g)s",,"x1-x2,x1,x3,x4+1/2"," "," "," "," "
"169.1 P6_1(00g)","h,t,s","x1-x2,x1,x3+1/6,x4"," "," "," "," "
"170.1 P6_5(00g)","h,t,s","x1-x2,x1,x3+5/6,x4"," "," "," "," "
"171.1 P6_2(00g)","t","x1-x2,x1,x3+1/3,x4"," "," "," "," "
"171.2 P6_2(00g)h","s","x1-x2,x1,x3+1/3,x4+1/6"," "," "," "," "
"172.1 P6_4(00g)","t","x1-x2,x1,x3+2/3,x4"," "," "," "," "
"172.2 P6_4(00g)h","s","x1-x2,x1,x3+2/3,x4+1/6"," "," "," "," "
"173.1 P6_3(00g)","s","x1-x2,x1,x3+1/2,x4"," "," "," "," "
"173.2 P6_3(00g)h","t","x1-x2,x1,x3+1/2,x4+1/6"," "," "," "," "
"174.1 P-6(00g)",,"-x1+x2,-x1,-x3,-x4"," "," "," "," "
"175.1 P6/m(00g)",,"x1-x2,x1,x3,x4","x1,x2,-x3,-x4"," "," "," "
"175.2 P6/m(00g)s0",,"x1-x2,x1,x3,x4+1/2","x1,x2,-x3,-x4"," "," "," "
"176.1 P6_3/m(00g)","s0","x1-x2,x1,x3+1/2,x4","x1,x2,-x3+1/2,-x4"," "," "," "
"177.1 P622(00g)",,"x1-x2,x1,x3,x4","-x1,-x1+x2,-x3,-x4","-x2,-x1,-x3,-x4"," "," "
"177.2 P622(00g)h00",,"x1-x2,x1,x3,x4+1/6","-x1,-x1+x2,-x3,-x4","-x2,-x1,-x3,-x4+1/6"," "," "
"177.3 P622(00g)t00",,"x1-x2,x1,x3,x4+1/3","-x1,-x1+x2,-x3,-x4","-x2,-x1,-x3,-x4+1/3"," "," "
"177.4 P622(00g)s00",,"x1-x2,x1,x3,x4+1/2","-x1,-x1+x2,-x3,-x4","-x2,-x1,-x3,-x4+1/2"," "," "
"178.1 P6_122(00g)","h00,t00,s00","x1-x2,x1,x3+1/6,x4","-x1,-x1+x2,-x3+2/3,-x4","-x2,-x1,-x3+5/6,-x4"," "," "
"179.1 P6_522(00g)","h00,t00,s00","x1-x2,x1,x3+5/6,x4","-x1,-x1+x2,-x3+1/3,-x4","-x2,-x1,-x3+1/6,-x4"," "," "
"180.1 P6_222(00g)","t00","x1-x2,x1,x3+1/3,x4","-x1,-x1+x2,-x3+1/3,-x4","-x2,-x1,-x3+2/3,-x4"," "," "
"180.2 P6_222(00g)h00","s00","x1-x2,x1,x3+1/3,x4+1/6","-x1,-x1+x2,-x3+1/3,-x4","-x2,-x1,-x3+2/3,-x4+1/6"," "," "
"181.1 P6_422(00g)","t00","x1-x2,x1,x3+2/3,x4","-x1,-x1+x2,-x3+2/3,-x4","-x2,-x1,-x3+1/3,-x4"," "," "
"181.2 P6_422(00g)h00","s00","x1-x2,x1,x3+2/3,x4+1/6","-x1,-x1+x2,-x3+2/3,-x4","-x2,-x1,-x3+1/3,-x4+1/6"," "," "
"182.1 P6_322(00g)","s00","x1-x2,x1,x3+1/2,x4","-x1,-x1+x2,-x3,-x4","-x2,-x1,-x3+1/2,-x4"," "," "
"182.2 P6_322(00g)h00","t00","x1-x2,x1,x3+1/2,x4+1/6","-x1,-x1+x2,-x3,-x4","-x2,-x1,-x3+1/2,-x4+1/6"," "," "
"183.1 P6mm(00g)",,"x1-x2,x1,x3,x4","x1,x1-x2,x3,x4","x2,x1,x3,x4"," "," "
"183.2 P6mm(00g)ss0",,"x1-x2,x1,x3,x4+1/2","x1,x1-x2,x3,x4+1/2","x2,x1,x3,x4"," "," "
"183.3 P6mm(00g)0ss",,"x1-x2,x1,x3,x4","x1,x1-x2,x3,x4+1/2","x2,x1,x3,x4+1/2"," "," "
"183.4 P6mm(00g)s0s",,"x1-x2,x1,x3,x4+1/2","x1,x1-x2,x3,x4","x2,x1,x3,x4+1/2"," "," "
"184.1 P6cc(00g)","0ss","x1-x2,x1,x3,x4","x1,x1-x2,x3+1/2,x4","x2,x1,x3+1/2,x4"," "," "
"184.2 P6cc(00g)s0s","ss0","x1-x2,x1,x3,x4+1/2","x1,x1-x2,x3+1/2,x4","x2,x1,x3+1/2,x4+1/2"," "," "
"185.1 P6_3cm(00g)","ss0","x1-x2,x1,x3+1/2,x4","x1,x1-x2,x3+1/2,x4","x2,x1,x3,x4"," "," "
"185.2 P6_3cm(00g)0ss","s0s","x1-x2,x1,x3+1/2,x4","x1,x1-x2,x3+1/2,x4+1/2","x2,x1,x3,x4+1/2"," "," "
"186.1 P6_3mc(00g)","s0s","x1-x2,x1,x3+1/2,x4","x1,x1-x2,x3,x4","x2,x1,x3+1/2,x4"," "," "
"186.2 P6_3mc(00g)0ss","ss0","x1-x2,x1,x3+1/2,x4","x1,x1-x2,x3,x4+1/2","x2,x1,x3+1/2,x4+1/2"," "," "
"187.1 P-6m2(00g)",,"-x1+x2,-x1,-x3,-x4","x1,x1-x2,x3,x4","-x2,-x1,-x3,-x4"," "," "
"187.2 P-6m2(00g)0s0",,"-x1+x2,-x1,-x3,-x4","x1,x1-x2,x3,x4+1/2","-x2,-x1,-x3,-x4+1/2"," "," "
"188.1 P-6c2(00g)","0s0","-x1+x2,-x1,-x3+1/2,-x4","x1,x1-x2,x3+1/2,x4","-x2,-x1,-x3,-x4"," "," "
"189.1 P-62m(00g)",,"-x1+x2,-x1,-x3,-x4","-x1,-x1+x2,-x3,-x4","x2,x1,x3,x4"," "," "
"189.2 P-62m(00g)00s",,"-x1+x2,-x1,-x3,-x4","-x1,-x1+x2,-x3,-x4+1/2","x2,x1,x3,x4+1/2"," "," "
"190.1 P-62c(00g)","00s","-x1+x2,-x1,-x3+1/2,-x4","-x1,-x1+x2,-x3,-x4","x2,x1,x3+1/2,x4"," "," "
"191.1 P6/mmm(00g)",,"x1-x2,x1,x3,x4","x1,x2,-x3,-x4","x1,x1-x2,x3,x4","x2,x1,x3,x4"," "
"191.2 P6/mmm(00g)s0s0",,"x1-x2,x1,x3,x4+1/2","x1,x2,-x3,-x4","x1,x1-x2,x3,x4+1/2","x2,x1,x3,x4"," "
"191.3 P6/mmm(00g)00ss",,"x1-x2,x1,x3,x4","x1,x2,-x3,-x4","x1,x1-x2,x3,x4+1/2","x2,x1,x3,x4+1/2"," "
"191.4 P6/mmm(00g)s00s",,"x1-x2,x1,x3,x4+1/2","x1,x2,-x3,-x4","x1,x1-x2,x3,x4","x2,x1,x3,x4+1/2"," "
"192.1 P6/mcc(00g)","00ss","x1-x2,x1,x3,x4","x1,x2,-x3,-x4","x1,x1-x2,x3+1/2,x4","x2,x1,x3+1/2,x4"," "
"192.2 P6/mcc(00g)s00s","s0s0","x1-x2,x1,x3,x4+1/2","x1,x2,-x3,-x4","x1,x1-x2,x3+1/2,x4","x2,x1,x3+1/2,x4+1/2"," "
"193.1 P6_3/mcm(00g)","s0s0","x1-x2,x1,x3+1/2,x4","x1,x2,-x3+1/2,-x4","x1,x1-x2,x3+1/2,x4","x2,x1,x3,x4"," "
"193.2 P6_3/mcm(00g)00ss","s00s","x1-x2,x1,x3+1/2,x4","x1,x2,-x3+1/2,-x4","x1,x1-x2,x3+1/2,x4+1/2","x2,x1,x3,x4+1/2"," "
"194.1 P6_3/mmc(00g)","s00s","x1-x2,x1,x3+1/2,x4","x1,x2,-x3+1/2,-x4","x1,x1-x2,x3,x4","x2,x1,x3+1/2,x4"," "
"194.2 P6_3/mmc(00g)00ss","s0s0","x1-x2,x1,x3+1/2,x4","x1,x2,-x3+1/2,-x4","x1,x1-x2,x3,x4+1/2","x2,x1,x3+1/2,x4+1/2"," "
